strategy_id,strategy,source_proof_id,source_lean_name,source_strategy_number,source_file,formal_statement,comment
1,Apply the standard metric-space ε–δ characterization `Metric.continuousWithinAt_iff` to express relative continuity on \(S\) in terms of distances.,atlas.real_analysis.256351aca4f3,continuous_at_iff_eps_delta,1,external/atlas-lean/Atlas/RealAnalysis/code/ContinuousFunctions/Continuity.lean,"theorem continuous_at_iff_eps_delta (f : ℝ → ℝ) (S : Set ℝ) (c : ℝ) (_hc : c ∈ S) :
    ContinuousWithinAt f S c ↔ ∀ ε > 0, ∃ δ > 0, ∀ x ∈ S, |x - c| < δ → |f x - f c| < ε","Continuity of `f` at a point `c ∈ S` (relative to `S`) is equivalent to the classical
`ε`-`δ` formulation: for every `ε > 0` there is `δ > 0` such that for all `x ∈ S`,
`|x - c| < δ` implies `|f x - f c| < ε`."
2,"Specialize the metric on \(\mathbb{R}\) using `Real.dist_eq`, which rewrites each distance as an absolute difference and yields exactly the desired formulation.",atlas.real_analysis.256351aca4f3,continuous_at_iff_eps_delta,2,external/atlas-lean/Atlas/RealAnalysis/code/ContinuousFunctions/Continuity.lean,"theorem continuous_at_iff_eps_delta (f : ℝ → ℝ) (S : Set ℝ) (c : ℝ) (_hc : c ∈ S) :
    ContinuousWithinAt f S c ↔ ∀ ε > 0, ∃ δ > 0, ∀ x ∈ S, |x - c| < δ → |f x - f c| < ε","Continuity of `f` at a point `c ∈ S` (relative to `S`) is equivalent to the classical
`ε`-`δ` formulation: for every `ε > 0` there is `δ > 0` such that for all `x ∈ S`,
`|x - c| < δ` implies `|f x - f c| < ε`."
3,"Recognize that the closed interval \([a,b]\) is compact and apply the theorem that a continuous real-valued function on a compact set admits a uniform norm bound.",atlas.real_analysis.40a706b8d34b,continuous_on_Icc_bounded,1,external/atlas-lean/Atlas/RealAnalysis/code/ContinuousFunctions/Continuity.lean,"theorem continuous_on_Icc_bounded (f : ℝ → ℝ) (a b : ℝ) (_hab : a ≤ b)
    (hf : ContinuousOn f (Set.Icc a b)) :
    ∃ B : ℝ, ∀ x ∈ Set.Icc a b, |f x| ≤ B","A real-valued function that is continuous on a closed bounded interval `[a, b]` is bounded:
there exists `B ∈ ℝ` such that `|f x| ≤ B` for all `x ∈ [a, b]`."
4,Convert the resulting inequality \(\|f(x)\|\le C\) into the required inequality \(|f(x)|\le C\) using the identity between the real norm and absolute value.,atlas.real_analysis.40a706b8d34b,continuous_on_Icc_bounded,2,external/atlas-lean/Atlas/RealAnalysis/code/ContinuousFunctions/Continuity.lean,"theorem continuous_on_Icc_bounded (f : ℝ → ℝ) (a b : ℝ) (_hab : a ≤ b)
    (hf : ContinuousOn f (Set.Icc a b)) :
    ∃ B : ℝ, ∀ x ∈ Set.Icc a b, |f x| ≤ B","A real-valued function that is continuous on a closed bounded interval `[a, b]` is bounded:
there exists `B ∈ ℝ` such that `|f x| ≤ B` for all `x ∈ [a, b]`."
5,"The strict inequality \(a<b\) implies \(a\le b\), ensuring that the closed interval \([a,b]\) is nonempty.",atlas.real_analysis.2b19d4ad0017,extreme_value_theorem,1,external/atlas-lean/Atlas/RealAnalysis/code/ContinuousFunctions/Continuity.lean,"theorem extreme_value_theorem (f : ℝ → ℝ) (a b : ℝ) (hab : a < b)
    (hf : ContinuousOn f (Set.Icc a b)) :
    (∃ c ∈ Set.Icc a b, ∀ x ∈ Set.Icc a b, f c ≤ f x) ∧
    (∃ d ∈ Set.Icc a b, ∀ x ∈ Set.Icc a b, f x ≤ f d)","Extreme Value (Min-Max) Theorem: a continuous function on a closed bounded interval `[a, b]`
attains both an absolute minimum at some point `c ∈ [a, b]` and an absolute maximum at some
point `d ∈ [a, b]`."
6,"The interval \([a,b]\) is compact, so continuity of \(f\) on this nonempty compact set guarantees that \(f\) attains both a minimum and a maximum there.",atlas.real_analysis.2b19d4ad0017,extreme_value_theorem,2,external/atlas-lean/Atlas/RealAnalysis/code/ContinuousFunctions/Continuity.lean,"theorem extreme_value_theorem (f : ℝ → ℝ) (a b : ℝ) (hab : a < b)
    (hf : ContinuousOn f (Set.Icc a b)) :
    (∃ c ∈ Set.Icc a b, ∀ x ∈ Set.Icc a b, f c ≤ f x) ∧
    (∃ d ∈ Set.Icc a b, ∀ x ∈ Set.Icc a b, f x ≤ f d)","Extreme Value (Min-Max) Theorem: a continuous function on a closed bounded interval `[a, b]`
attains both an absolute minimum at some point `c ∈ [a, b]` and an absolute maximum at some
point `d ∈ [a, b]`."
7,"Applying the compact-set minimum and maximum existence results separately produces \(c,d\in[a,b]\) with \(f(c)\le f(x)\le f(d)\) for every \(x\in[a,b]\).",atlas.real_analysis.2b19d4ad0017,extreme_value_theorem,3,external/atlas-lean/Atlas/RealAnalysis/code/ContinuousFunctions/Continuity.lean,"theorem extreme_value_theorem (f : ℝ → ℝ) (a b : ℝ) (hab : a < b)
    (hf : ContinuousOn f (Set.Icc a b)) :
    (∃ c ∈ Set.Icc a b, ∀ x ∈ Set.Icc a b, f c ≤ f x) ∧
    (∃ d ∈ Set.Icc a b, ∀ x ∈ Set.Icc a b, f x ≤ f d)","Extreme Value (Min-Max) Theorem: a continuous function on a closed bounded interval `[a, b]`
attains both an absolute minimum at some point `c ∈ [a, b]` and an absolute maximum at some
point `d ∈ [a, b]`."
8,"Strengthen \(a<b\) to \(a\le b\) so the closed-interval intermediate value theorem applies on \([a,b]\).",atlas.real_analysis.0981157bc4ef,intermediate_value_theorem,1,external/atlas-lean/Atlas/RealAnalysis/code/ContinuousFunctions/IVT.lean,"theorem intermediate_value_theorem (f : ℝ → ℝ) (a b : ℝ) (hab : a < b)
    (hf : ContinuousOn f (Set.Icc a b)) :
    (∀ y, f a < y → y < f b → ∃ c ∈ Set.Ioo a b, f c = y) ∧
    (∀ y, f b < y → y < f a → ∃ c ∈ Set.Ioo a b, f c = y)","Bolzano's Intermediate Value Theorem.

Let `f : ℝ → ℝ` be continuous on `[a, b]` with `a < b`. Then:
if `f a < y < f b`, there exists `c ∈ (a, b)` with `f c = y`;
if `f b < y < f a`, there exists `c ∈ (a, b)` with `f c = y`.

In either case, `f` attains every value strictly between `f a` and `f b` at some
interior point of the interval."
9,"Convert the strict inequalities placing \(y\) between \(f(a)\) and \(f(b)\) into membership in the appropriate closed interval of endpoint values, using \([f(a),f(b)]\) in the increasing case and \([f(b),f(a)]\) in the decreasing case.",atlas.real_analysis.0981157bc4ef,intermediate_value_theorem,2,external/atlas-lean/Atlas/RealAnalysis/code/ContinuousFunctions/IVT.lean,"theorem intermediate_value_theorem (f : ℝ → ℝ) (a b : ℝ) (hab : a < b)
    (hf : ContinuousOn f (Set.Icc a b)) :
    (∀ y, f a < y → y < f b → ∃ c ∈ Set.Ioo a b, f c = y) ∧
    (∀ y, f b < y → y < f a → ∃ c ∈ Set.Ioo a b, f c = y)","Bolzano's Intermediate Value Theorem.

Let `f : ℝ → ℝ` be continuous on `[a, b]` with `a < b`. Then:
if `f a < y < f b`, there exists `c ∈ (a, b)` with `f c = y`;
if `f b < y < f a`, there exists `c ∈ (a, b)` with `f c = y`.

In either case, `f` attains every value strictly between `f a` and `f b` at some
interior point of the interval."
10,"Apply the corresponding closed-interval intermediate value theorem to obtain \(c\in[a,b]\) satisfying \(f(c)=y\).",atlas.real_analysis.0981157bc4ef,intermediate_value_theorem,3,external/atlas-lean/Atlas/RealAnalysis/code/ContinuousFunctions/IVT.lean,"theorem intermediate_value_theorem (f : ℝ → ℝ) (a b : ℝ) (hab : a < b)
    (hf : ContinuousOn f (Set.Icc a b)) :
    (∀ y, f a < y → y < f b → ∃ c ∈ Set.Ioo a b, f c = y) ∧
    (∀ y, f b < y → y < f a → ∃ c ∈ Set.Ioo a b, f c = y)","Bolzano's Intermediate Value Theorem.

Let `f : ℝ → ℝ` be continuous on `[a, b]` with `a < b`. Then:
if `f a < y < f b`, there exists `c ∈ (a, b)` with `f c = y`;
if `f b < y < f a`, there exists `c ∈ (a, b)` with `f c = y`.

In either case, `f` attains every value strictly between `f a` and `f b` at some
interior point of the interval."
11,"Upgrade \(c\in[a,b]\) to \(c\in(a,b)\) by ruling out \(c=a\) and \(c=b\), since either endpoint equality together with \(f(c)=y\) would contradict the strict inequalities on \(y\).",atlas.real_analysis.0981157bc4ef,intermediate_value_theorem,4,external/atlas-lean/Atlas/RealAnalysis/code/ContinuousFunctions/IVT.lean,"theorem intermediate_value_theorem (f : ℝ → ℝ) (a b : ℝ) (hab : a < b)
    (hf : ContinuousOn f (Set.Icc a b)) :
    (∀ y, f a < y → y < f b → ∃ c ∈ Set.Ioo a b, f c = y) ∧
    (∀ y, f b < y → y < f a → ∃ c ∈ Set.Ioo a b, f c = y)","Bolzano's Intermediate Value Theorem.

Let `f : ℝ → ℝ` be continuous on `[a, b]` with `a < b`. Then:
if `f a < y < f b`, there exists `c ∈ (a, b)` with `f c = y`;
if `f b < y < f a`, there exists `c ∈ (a, b)` with `f c = y`.

In either case, `f` attains every value strictly between `f a` and `f b` at some
interior point of the interval."
12,Define the polynomial as a continuous real-valued function \(f(x)=x^{2021}+x^{2020}+9.03x+1\).,atlas.real_analysis.84d958addbb6,polynomial_has_real_root,1,external/atlas-lean/Atlas/RealAnalysis/code/ContinuousFunctions/IVT.lean,"theorem polynomial_has_real_root : ∃ x : ℝ, x^2021 + x^2020 + 9.03*x + 1 = 0","The polynomial `f(x) = x^2021 + x^2020 + 9.03 x + 1` has at least one real
root.

Proved via the Intermediate Value Theorem: `f(-1) < 0` and `f(0) > 0`, so by
continuity there exists `c ∈ [-1, 0]` with `f(c) = 0`."
13,Evaluate the endpoints \(-1\) and \(0\) to obtain the crucial sign change \(f(-1)=-8.03<0<f(0)=1\).,atlas.real_analysis.84d958addbb6,polynomial_has_real_root,2,external/atlas-lean/Atlas/RealAnalysis/code/ContinuousFunctions/IVT.lean,"theorem polynomial_has_real_root : ∃ x : ℝ, x^2021 + x^2020 + 9.03*x + 1 = 0","The polynomial `f(x) = x^2021 + x^2020 + 9.03 x + 1` has at least one real
root.

Proved via the Intermediate Value Theorem: `f(-1) < 0` and `f(0) > 0`, so by
continuity there exists `c ∈ [-1, 0]` with `f(c) = 0`."
14,"Apply the Intermediate Value Theorem on \([-1,0]\) to conclude that some \(c\in[-1,0]\) satisfies \(f(c)=0\).",atlas.real_analysis.84d958addbb6,polynomial_has_real_root,3,external/atlas-lean/Atlas/RealAnalysis/code/ContinuousFunctions/IVT.lean,"theorem polynomial_has_real_root : ∃ x : ℝ, x^2021 + x^2020 + 9.03*x + 1 = 0","The polynomial `f(x) = x^2021 + x^2020 + 9.03 x + 1` has at least one real
root.

Proved via the Intermediate Value Theorem: `f(-1) < 0` and `f(0) > 0`, so by
continuity there exists `c ∈ [-1, 0]` with `f(c) = 0`."
15,"Rewrite `AccPt x (𝓟 S)` using `accPt_iff_nhds`, turning the topological claim into the statement that every neighborhood of \(x\) contains a point of \(S\) distinct from \(x\).",atlas.real_analysis.67ce5a8edceb,cluster_point_iff_acc_point,1,external/atlas-lean/Atlas/RealAnalysis/code/ContinuousFunctions/Limits.lean,"theorem cluster_point_iff_acc_point (S : Set ℝ) (x : ℝ) :
    IsClusterPoint S x ↔ AccPt x (𝓟 S)","The elementary `ε`-`δ` notion `IsClusterPoint S x` agrees with Mathlib's
topological accumulation point `AccPt x (𝓟 S)`."
16,"In the forward direction, use the metric neighborhood basis to find an open ball around \(x\) contained in an arbitrary neighborhood, then apply the elementary cluster-point hypothesis inside that ball.",atlas.real_analysis.67ce5a8edceb,cluster_point_iff_acc_point,2,external/atlas-lean/Atlas/RealAnalysis/code/ContinuousFunctions/Limits.lean,"theorem cluster_point_iff_acc_point (S : Set ℝ) (x : ℝ) :
    IsClusterPoint S x ↔ AccPt x (𝓟 S)","The elementary `ε`-`δ` notion `IsClusterPoint S x` agrees with Mathlib's
topological accumulation point `AccPt x (𝓟 S)`."
17,"In the reverse direction, test the accumulation-point hypothesis on the open ball \(B(x,\delta)\), which is a neighborhood whenever \(\delta>0\).",atlas.real_analysis.67ce5a8edceb,cluster_point_iff_acc_point,3,external/atlas-lean/Atlas/RealAnalysis/code/ContinuousFunctions/Limits.lean,"theorem cluster_point_iff_acc_point (S : Set ℝ) (x : ℝ) :
    IsClusterPoint S x ↔ AccPt x (𝓟 S)","The elementary `ε`-`δ` notion `IsClusterPoint S x` agrees with Mathlib's
topological accumulation point `AccPt x (𝓟 S)`."
18,"Translate ball membership into the required absolute-value inequality using \(\operatorname{dist}(x,y)=|x-y|\) on \(\mathbb R\) and the symmetry of absolute differences.",atlas.real_analysis.67ce5a8edceb,cluster_point_iff_acc_point,4,external/atlas-lean/Atlas/RealAnalysis/code/ContinuousFunctions/Limits.lean,"theorem cluster_point_iff_acc_point (S : Set ℝ) (x : ℝ) :
    IsClusterPoint S x ↔ AccPt x (𝓟 S)","The elementary `ε`-`δ` notion `IsClusterPoint S x` agrees with Mathlib's
topological accumulation point `AccPt x (𝓟 S)`."
19,"Rewrite the filter statement using `Metric.tendsto_nhdsWithin_nhds`, turning `Tendsto` into the same ε–δ form as the elementary definition.",atlas.real_analysis.bb1610265d4d,function_limit_iff_tendsto,1,external/atlas-lean/Atlas/RealAnalysis/code/ContinuousFunctions/Limits.lean,"theorem function_limit_iff_tendsto (f : ℝ → ℝ) (S : Set ℝ) (c L : ℝ) :
    FunctionConvergesAt f S c L ↔
    Filter.Tendsto f (nhdsWithin c (S \ {c})) (nhds L)","The elementary `ε`-`δ` definition `FunctionConvergesAt f S c L` is equivalent
to the Mathlib filter statement that `f` tends to `L` along the neighborhood
filter of `c` restricted to `S \ {c}`."
20,"Recognize that membership in \(S \setminus \{c\}\) is exactly the conjunction \(x \in S\) and \(x \ne c\), so the restricted filter encodes the punctured-domain condition.",atlas.real_analysis.bb1610265d4d,function_limit_iff_tendsto,2,external/atlas-lean/Atlas/RealAnalysis/code/ContinuousFunctions/Limits.lean,"theorem function_limit_iff_tendsto (f : ℝ → ℝ) (S : Set ℝ) (c L : ℝ) :
    FunctionConvergesAt f S c L ↔
    Filter.Tendsto f (nhdsWithin c (S \ {c})) (nhds L)","The elementary `ε`-`δ` definition `FunctionConvergesAt f S c L` is equivalent
to the Mathlib filter statement that `f` tends to `L` along the neighborhood
filter of `c` restricted to `S \ {c}`."
21,Use \(x \ne c \iff 0<|x-c|\) to translate between exclusion of the point \(c\) and the elementary definition’s strict positivity hypothesis.,atlas.real_analysis.bb1610265d4d,function_limit_iff_tendsto,3,external/atlas-lean/Atlas/RealAnalysis/code/ContinuousFunctions/Limits.lean,"theorem function_limit_iff_tendsto (f : ℝ → ℝ) (S : Set ℝ) (c L : ℝ) :
    FunctionConvergesAt f S c L ↔
    Filter.Tendsto f (nhdsWithin c (S \ {c})) (nhds L)","The elementary `ε`-`δ` definition `FunctionConvergesAt f S c L` is equivalent
to the Mathlib filter statement that `f` tends to `L` along the neighborhood
filter of `c` restricted to `S \ {c}`."
22,"Rewrite real distances via `Real.dist_eq`, identifying \(d(x,c)\) and \(d(f(x),L)\) with the corresponding absolute differences.",atlas.real_analysis.bb1610265d4d,function_limit_iff_tendsto,4,external/atlas-lean/Atlas/RealAnalysis/code/ContinuousFunctions/Limits.lean,"theorem function_limit_iff_tendsto (f : ℝ → ℝ) (S : Set ℝ) (c L : ℝ) :
    FunctionConvergesAt f S c L ↔
    Filter.Tendsto f (nhdsWithin c (S \ {c})) (nhds L)","The elementary `ε`-`δ` definition `FunctionConvergesAt f S c L` is equivalent
to the Mathlib filter statement that `f` tends to `L` along the neighborhood
filter of `c` restricted to `S \ {c}`."
23,"Reinterpret the cluster-point hypothesis as saying that the punctured neighborhood filter \(\operatorname{nhdsWithin}(c, S \setminus \{c\})\) is nontrivial (`NeBot`).",atlas.real_analysis.6587f64283a7,function_limit_unique,1,external/atlas-lean/Atlas/RealAnalysis/code/ContinuousFunctions/Limits.lean,"theorem function_limit_unique (f : ℝ → ℝ) (S : Set ℝ) (c L₁ L₂ : ℝ)
    (hc : IsClusterPoint S c)
    (hL₁ : FunctionConvergesAt f S c L₁)
    (hL₂ : FunctionConvergesAt f S c L₂) : L₁ = L₂","Uniqueness of the function limit: if `c` is a cluster point of `S` and `f`
converges both to `L₁` and to `L₂` at `c` along `S`, then `L₁ = L₂`."
24,Convert both function-limit hypotheses into filter convergence of \(f\) to \(L_1\) and \(L_2\) along that same punctured neighborhood filter.,atlas.real_analysis.6587f64283a7,function_limit_unique,2,external/atlas-lean/Atlas/RealAnalysis/code/ContinuousFunctions/Limits.lean,"theorem function_limit_unique (f : ℝ → ℝ) (S : Set ℝ) (c L₁ L₂ : ℝ)
    (hc : IsClusterPoint S c)
    (hL₁ : FunctionConvergesAt f S c L₁)
    (hL₂ : FunctionConvergesAt f S c L₂) : L₁ = L₂","Uniqueness of the function limit: if `c` is a cluster point of `S` and `f`
converges both to `L₁` and to `L₂` at `c` along `S`, then `L₁ = L₂`."
25,Apply uniqueness of limits in the Hausdorff space \(\mathbb R\) for a nontrivial filter to conclude \(L_1=L_2\).,atlas.real_analysis.6587f64283a7,function_limit_unique,3,external/atlas-lean/Atlas/RealAnalysis/code/ContinuousFunctions/Limits.lean,"theorem function_limit_unique (f : ℝ → ℝ) (S : Set ℝ) (c L₁ L₂ : ℝ)
    (hc : IsClusterPoint S c)
    (hL₁ : FunctionConvergesAt f S c L₁)
    (hL₂ : FunctionConvergesAt f S c L₂) : L₁ = L₂","Uniqueness of the function limit: if `c` is a cluster point of `S` and `f`
converges both to `L₁` and to `L₂` at `c` along `S`, then `L₁ = L₂`."
26,"Invoke the general metric-space characterization `Metric.uniformContinuousOn_iff`, which already expresses uniform continuity on a set through a single \(\delta\) working for every pair of points in that set.",atlas.real_analysis.5b5917979e9d,uniform_continuous_on_iff,1,external/atlas-lean/Atlas/RealAnalysis/code/ContinuousFunctions/UniformContinuity.lean,"theorem uniform_continuous_on_iff (f : ℝ → ℝ) (S : Set ℝ) :
    UniformContinuousOn f S ↔
    ∀ ε > 0, ∃ δ > 0, ∀ x ∈ S, ∀ y ∈ S, |x - y| < δ → |f x - f y| < ε","A real function `f` is uniformly continuous on a set `S ⊆ ℝ` if and only if it
satisfies the textbook ε–δ criterion: for every `ε > 0` there exists `δ > 0` such
that `|f x - f y| < ε` for all `x, y ∈ S` with `|x - y| < δ`."
27,"Rewrite the real metric using `Real.dist_eq`, namely \(d(x,y)=|x-y|\), both in the domain and codomain, so the abstract metric criterion becomes exactly the stated absolute-value \(\varepsilon\)–\(\delta\) condition.",atlas.real_analysis.5b5917979e9d,uniform_continuous_on_iff,2,external/atlas-lean/Atlas/RealAnalysis/code/ContinuousFunctions/UniformContinuity.lean,"theorem uniform_continuous_on_iff (f : ℝ → ℝ) (S : Set ℝ) :
    UniformContinuousOn f S ↔
    ∀ ε > 0, ∃ δ > 0, ∀ x ∈ S, ∀ y ∈ S, |x - y| < δ → |f x - f y| < ε","A real function `f` is uniformly continuous on a set `S ⊆ ℝ` if and only if it
satisfies the textbook ε–δ criterion: for every `ε > 0` there exists `δ > 0` such
that `|f x - f y| < ε` for all `x, y ∈ S` with `|x - y| < δ`."
28,"Use `simp only` to perform these unfoldings and rewrites, after which the two propositions are syntactically identical.",atlas.real_analysis.5b5917979e9d,uniform_continuous_on_iff,3,external/atlas-lean/Atlas/RealAnalysis/code/ContinuousFunctions/UniformContinuity.lean,"theorem uniform_continuous_on_iff (f : ℝ → ℝ) (S : Set ℝ) :
    UniformContinuousOn f S ↔
    ∀ ε > 0, ∃ δ > 0, ∀ x ∈ S, ∀ y ∈ S, |x - y| < δ → |f x - f y| < ε","A real function `f` is uniformly continuous on a set `S ⊆ ℝ` if and only if it
satisfies the textbook ε–δ criterion: for every `ε > 0` there exists `δ > 0` such
that `|f x - f y| < ε` for all `x, y ∈ S` with `|x - y| < δ`."
29,"Rewrite the difference quotient \(x \mapsto (f(x)-f(c))/(x-c)\) as the standard slope function `slope f c`, with the punctured neighborhood \(x \ne c\) avoiding division by zero.",atlas.real_analysis.9f333d74ac85,differentiable_at_iff_limit_exists,1,external/atlas-lean/Atlas/RealAnalysis/code/Derivatives/Basic.lean,"theorem differentiable_at_iff_limit_exists (f : ℝ → ℝ) (c : ℝ) :
    DifferentiableAt ℝ f c ↔
    ∃ L : ℝ, Filter.Tendsto (fun x => (f x - f c) / (x - c)) (nhdsWithin c {c}ᶜ) (nhds L)","A real function `f` is differentiable at `c` if and only if the difference quotient
`(f x - f c) / (x - c)` has a limit as `x → c` with `x ≠ c`."
30,"In the forward direction, convert differentiability at \(c\) into `HasDerivAt f (deriv f c) c` and apply `hasDerivAt_iff_tendsto_slope` to obtain the required limit.",atlas.real_analysis.9f333d74ac85,differentiable_at_iff_limit_exists,2,external/atlas-lean/Atlas/RealAnalysis/code/Derivatives/Basic.lean,"theorem differentiable_at_iff_limit_exists (f : ℝ → ℝ) (c : ℝ) :
    DifferentiableAt ℝ f c ↔
    ∃ L : ℝ, Filter.Tendsto (fun x => (f x - f c) / (x - c)) (nhdsWithin c {c}ᶜ) (nhds L)","A real function `f` is differentiable at `c` if and only if the difference quotient
`(f x - f c) / (x - c)` has a limit as `x → c` with `x ≠ c`."
31,"In the reverse direction, apply the converse of `hasDerivAt_iff_tendsto_slope` to the assumed slope limit, producing `HasDerivAt f L c`, and then conclude differentiability.",atlas.real_analysis.9f333d74ac85,differentiable_at_iff_limit_exists,3,external/atlas-lean/Atlas/RealAnalysis/code/Derivatives/Basic.lean,"theorem differentiable_at_iff_limit_exists (f : ℝ → ℝ) (c : ℝ) :
    DifferentiableAt ℝ f c ↔
    ∃ L : ℝ, Filter.Tendsto (fun x => (f x - f c) / (x - c)) (nhdsWithin c {c}ᶜ) (nhds L)","A real function `f` is differentiable at `c` if and only if the difference quotient
`(f x - f c) / (x - c)` has a limit as `x → c` with `x ≠ c`."
32,Use `hf.comp c hg` to obtain differentiability of \(f \circ g\) at \(c\) from the differentiability of \(g\) at \(c\) and \(f\) at \(g(c)\).,atlas.real_analysis.dec4c1aa763f,chain_rule,1,external/atlas-lean/Atlas/RealAnalysis/code/Derivatives/Basic.lean,"theorem chain_rule (f g : ℝ → ℝ) (c : ℝ)
    (hg : DifferentiableAt ℝ g c) (hf : DifferentiableAt ℝ f (g c)) :
    DifferentiableAt ℝ (f ∘ g) c ∧ deriv (f ∘ g) c = deriv f (g c) * deriv g c","Chain rule: if `g` is differentiable at `c` and `f` is differentiable at `g c`,
then the composition `f ∘ g` is differentiable at `c` and
`(f ∘ g)'(c) = f'(g c) * g'(c)`."
33,"Apply `deriv_comp c hf hg`, the derivative chain rule, to derive \(\operatorname{deriv}(f \circ g)(c)=\operatorname{deriv}f(g(c))\operatorname{deriv}g(c)\).",atlas.real_analysis.dec4c1aa763f,chain_rule,2,external/atlas-lean/Atlas/RealAnalysis/code/Derivatives/Basic.lean,"theorem chain_rule (f g : ℝ → ℝ) (c : ℝ)
    (hg : DifferentiableAt ℝ g c) (hf : DifferentiableAt ℝ f (g c)) :
    DifferentiableAt ℝ (f ∘ g) c ∧ deriv (f ∘ g) c = deriv f (g c) * deriv g c","Chain rule: if `g` is differentiable at `c` and `f` is differentiable at `g c`,
then the composition `f ∘ g` is differentiable at `c` and
`(f ∘ g)'(c) = f'(g c) * g'(c)`."
34,"Combine these two results as a conjunction using `⟨…, …⟩`.",atlas.real_analysis.dec4c1aa763f,chain_rule,3,external/atlas-lean/Atlas/RealAnalysis/code/Derivatives/Basic.lean,"theorem chain_rule (f g : ℝ → ℝ) (c : ℝ)
    (hg : DifferentiableAt ℝ g c) (hf : DifferentiableAt ℝ f (g c)) :
    DifferentiableAt ℝ (f ∘ g) c ∧ deriv (f ∘ g) c = deriv f (g c) * deriv g c","Chain rule: if `g` is differentiable at `c` and `f` is differentiable at `g c`,
then the composition `f ∘ g` is differentiable at `c` and
`(f ∘ g)'(c) = f'(g c) * g'(c)`."
35,Introduce a general equivalence translating an eventual property on the relative neighborhood filter `nhdsWithin c S` into an explicit positive-radius condition on points of \(S\).,atlas.real_analysis.d4ac68a30456,relative_extremum_def,1,external/atlas-lean/Atlas/RealAnalysis/code/Derivatives/MVT.lean,"theorem relative_extremum_def (f : ℝ → ℝ) (S : Set ℝ) (c : ℝ) (_hc : c ∈ S) :
    (IsLocalMaxOn f S c ↔ ∃ δ > 0, ∀ x ∈ S, |x - c| < δ → f x ≤ f c) ∧
    (IsLocalMinOn f S c ↔ ∃ δ > 0, ∀ x ∈ S, |x - c| < δ → f c ≤ f x)","Characterization of relative extrema in terms of an explicit `δ`-neighborhood.
For `f : ℝ → ℝ`, `S ⊆ ℝ`, and `c ∈ S`:
`f` has a relative maximum at `c` on `S` (`IsLocalMaxOn f S c`) iff there exists `δ > 0`
such that for all `x ∈ S` with `|x - c| < δ`, `f x ≤ f c`; and analogously, `f` has a
relative minimum at `c` on `S` iff there exists `δ > 0` such that for all `x ∈ S` with
`|x - c| < δ`, `f c ≤ f x`."
36,"Use `eventually_nhdsWithin_iff` and `Metric.eventually_nhds_iff`, together with `Real.dist_eq`, to rewrite “sufficiently close to \(c\) within \(S\)” as \(|x-c|<\delta\) for some \(\delta>0\).",atlas.real_analysis.d4ac68a30456,relative_extremum_def,2,external/atlas-lean/Atlas/RealAnalysis/code/Derivatives/MVT.lean,"theorem relative_extremum_def (f : ℝ → ℝ) (S : Set ℝ) (c : ℝ) (_hc : c ∈ S) :
    (IsLocalMaxOn f S c ↔ ∃ δ > 0, ∀ x ∈ S, |x - c| < δ → f x ≤ f c) ∧
    (IsLocalMinOn f S c ↔ ∃ δ > 0, ∀ x ∈ S, |x - c| < δ → f c ≤ f x)","Characterization of relative extrema in terms of an explicit `δ`-neighborhood.
For `f : ℝ → ℝ`, `S ⊆ ℝ`, and `c ∈ S`:
`f` has a relative maximum at `c` on `S` (`IsLocalMaxOn f S c`) iff there exists `δ > 0`
such that for all `x ∈ S` with `|x - c| < δ`, `f x ≤ f c`; and analogously, `f` has a
relative minimum at `c` on `S` iff there exists `δ > 0` such that for all `x ∈ S` with
`|x - c| < δ`, `f c ≤ f x`."
37,Resolve the only mismatch between the filter formulation and the desired statement by swapping the order of the assumptions \(x\in S\) and \(|x-c|<\delta\).,atlas.real_analysis.d4ac68a30456,relative_extremum_def,3,external/atlas-lean/Atlas/RealAnalysis/code/Derivatives/MVT.lean,"theorem relative_extremum_def (f : ℝ → ℝ) (S : Set ℝ) (c : ℝ) (_hc : c ∈ S) :
    (IsLocalMaxOn f S c ↔ ∃ δ > 0, ∀ x ∈ S, |x - c| < δ → f x ≤ f c) ∧
    (IsLocalMinOn f S c ↔ ∃ δ > 0, ∀ x ∈ S, |x - c| < δ → f c ≤ f x)","Characterization of relative extrema in terms of an explicit `δ`-neighborhood.
For `f : ℝ → ℝ`, `S ⊆ ℝ`, and `c ∈ S`:
`f` has a relative maximum at `c` on `S` (`IsLocalMaxOn f S c`) iff there exists `δ > 0`
such that for all `x ∈ S` with `|x - c| < δ`, `f x ≤ f c`; and analogously, `f` has a
relative minimum at `c` on `S` iff there exists `δ > 0` such that for all `x ∈ S` with
`|x - c| < δ`, `f c ≤ f x`."
38,Instantiate the general equivalence with \(q(x)\equiv f(x)\le f(c)\) and \(q(x)\equiv f(c)\le f(x)\) to obtain the relative maximum and minimum characterizations simultaneously.,atlas.real_analysis.d4ac68a30456,relative_extremum_def,4,external/atlas-lean/Atlas/RealAnalysis/code/Derivatives/MVT.lean,"theorem relative_extremum_def (f : ℝ → ℝ) (S : Set ℝ) (c : ℝ) (_hc : c ∈ S) :
    (IsLocalMaxOn f S c ↔ ∃ δ > 0, ∀ x ∈ S, |x - c| < δ → f x ≤ f c) ∧
    (IsLocalMinOn f S c ↔ ∃ δ > 0, ∀ x ∈ S, |x - c| < δ → f c ≤ f x)","Characterization of relative extrema in terms of an explicit `δ`-neighborhood.
For `f : ℝ → ℝ`, `S ⊆ ℝ`, and `c ∈ S`:
`f` has a relative maximum at `c` on `S` (`IsLocalMaxOn f S c`) iff there exists `δ > 0`
such that for all `x ∈ S` with `|x - c| < δ`, `f x ≤ f c`; and analogously, `f` has a
relative minimum at `c` on `S` iff there exists `δ > 0` such that for all `x ∈ S` with
`|x - c| < δ`, `f c ≤ f x`."
39,Split the disjunctive extremum hypothesis into the two cases that \(f\) has either a local maximum or a local minimum at \(c\).,atlas.real_analysis.ee251a7c0ecb,fermats_theorem,1,external/atlas-lean/Atlas/RealAnalysis/code/Derivatives/MVT.lean,"theorem fermats_theorem (f : ℝ → ℝ) (c : ℝ)
    (hext : IsLocalMax f c ∨ IsLocalMin f c) (_hd : DifferentiableAt ℝ f c) :
    deriv f c = 0","Fermat's interior extremum theorem: if `f : ℝ → ℝ` attains a (global) local maximum or
local minimum at an interior point `c`, and `f` is differentiable at `c`, then the derivative
of `f` at `c` vanishes, i.e. `deriv f c = 0`."
40,"In each case, apply the corresponding library theorem `IsLocalMax.deriv_eq_zero` or `IsLocalMin.deriv_eq_zero`, which directly yields `deriv f c = 0` (so the explicit differentiability hypothesis is not needed in the Lean proof).",atlas.real_analysis.ee251a7c0ecb,fermats_theorem,2,external/atlas-lean/Atlas/RealAnalysis/code/Derivatives/MVT.lean,"theorem fermats_theorem (f : ℝ → ℝ) (c : ℝ)
    (hext : IsLocalMax f c ∨ IsLocalMin f c) (_hd : DifferentiableAt ℝ f c) :
    deriv f c = 0","Fermat's interior extremum theorem: if `f : ℝ → ℝ` attains a (global) local maximum or
local minimum at an interior point `c`, and `f` is differentiable at `c`, then the derivative
of `f` at `c` vanishes, i.e. `deriv f c = 0`."
41,"Apply the existing theorem `exists_deriv_eq_zero` directly to `hab`, `hfc`, and `heq`, which already yields a point `c ∈ (a, b)` with `deriv f c = 0`, making the explicit differentiability hypothesis unnecessary.",atlas.real_analysis.8d98dc2e7b63,rolle,1,external/atlas-lean/Atlas/RealAnalysis/code/Derivatives/MVT.lean,"theorem rolle (f : ℝ → ℝ) (a b : ℝ) (hab : a < b)
    (hfc : ContinuousOn f (Set.Icc a b))
    (_hfd : ∀ x ∈ Set.Ioo a b, DifferentiableAt ℝ f x)
    (heq : f a = f b) :
    ∃ c ∈ Set.Ioo a b, deriv f c = 0","Rolle's theorem: if `f : ℝ → ℝ` is continuous on the closed interval `[a, b]`,
differentiable at every point of the open interval `(a, b)`, and satisfies `f a = f b`,
then there exists some `c ∈ (a, b)` at which the derivative vanishes, i.e. `deriv f c = 0`."
42,"Convert pointwise differentiability on \((a,b)\) into `DifferentiableOn` by observing that differentiability at a point implies differentiability within the interval.",atlas.real_analysis.27206fc373ae,mean_value_theorem,1,external/atlas-lean/Atlas/RealAnalysis/code/Derivatives/MVT.lean,"theorem mean_value_theorem (f : ℝ → ℝ) (a b : ℝ) (hab : a < b)
    (hfc : ContinuousOn f (Set.Icc a b))
    (hfd : ∀ x ∈ Set.Ioo a b, DifferentiableAt ℝ f x) :
    ∃ c ∈ Set.Ioo a b, f b - f a = deriv f c * (b - a)","The Mean Value Theorem: if `f : ℝ → ℝ` is continuous on `[a, b]` and differentiable at
every point of `(a, b)`, then there exists some `c ∈ (a, b)` such that
`f b - f a = deriv f c * (b - a)`."
43,"Apply the slope form of the Mean Value Theorem to obtain \(c\in(a,b)\) satisfying \(\operatorname{deriv} f(c)=\frac{f(b)-f(a)}{b-a}\).",atlas.real_analysis.27206fc373ae,mean_value_theorem,2,external/atlas-lean/Atlas/RealAnalysis/code/Derivatives/MVT.lean,"theorem mean_value_theorem (f : ℝ → ℝ) (a b : ℝ) (hab : a < b)
    (hfc : ContinuousOn f (Set.Icc a b))
    (hfd : ∀ x ∈ Set.Ioo a b, DifferentiableAt ℝ f x) :
    ∃ c ∈ Set.Ioo a b, f b - f a = deriv f c * (b - a)","The Mean Value Theorem: if `f : ℝ → ℝ` is continuous on `[a, b]` and differentiable at
every point of `(a, b)`, then there exists some `c ∈ (a, b)` such that
`f b - f a = deriv f c * (b - a)`."
44,"Use \(a<b\) to prove \(b-a\neq 0\), allowing cancellation of the denominator and rearrangement into \(f(b)-f(a)=\operatorname{deriv} f(c)(b-a)\).",atlas.real_analysis.27206fc373ae,mean_value_theorem,3,external/atlas-lean/Atlas/RealAnalysis/code/Derivatives/MVT.lean,"theorem mean_value_theorem (f : ℝ → ℝ) (a b : ℝ) (hab : a < b)
    (hfc : ContinuousOn f (Set.Icc a b))
    (hfd : ∀ x ∈ Set.Ioo a b, DifferentiableAt ℝ f x) :
    ∃ c ∈ Set.Ioo a b, f b - f a = deriv f c * (b - a)","The Mean Value Theorem: if `f : ℝ → ℝ` is continuous on `[a, b]` and differentiable at
every point of `(a, b)`, then there exists some `c ∈ (a, b)` such that
`f b - f a = deriv f c * (b - a)`."
45,"Restrict differentiability to the interior of the convex set while retaining continuity on the whole set, exactly matching the hypotheses of the derivative-based monotonicity criteria.",atlas.real_analysis.d10748554758,zero_deriv_imp_constant,1,external/atlas-lean/Atlas/RealAnalysis/code/Derivatives/MVT.lean,"theorem zero_deriv_imp_constant (f : ℝ → ℝ) (I : Set ℝ)
    (hI : Convex ℝ I)
    (hfd : DifferentiableOn ℝ f I)
    (hf' : ∀ x ∈ I, deriv f x = 0) :
    ∀ x ∈ I, ∀ y ∈ I, f x = f y","Zero derivative implies constant: if `f : ℝ → ℝ` is differentiable on a convex set
`I ⊆ ℝ` (i.e. an interval) and `deriv f x = 0` for every `x ∈ I`, then `f` is constant on
`I`, i.e. `f x = f y` for all `x, y ∈ I`."
46,Use the zero-derivative hypothesis twice—both as \(0 \le \operatorname{deriv} f\) and as \(\operatorname{deriv} f \le 0\)—to prove that \(f\) is simultaneously nondecreasing and nonincreasing on \(I\).,atlas.real_analysis.d10748554758,zero_deriv_imp_constant,2,external/atlas-lean/Atlas/RealAnalysis/code/Derivatives/MVT.lean,"theorem zero_deriv_imp_constant (f : ℝ → ℝ) (I : Set ℝ)
    (hI : Convex ℝ I)
    (hfd : DifferentiableOn ℝ f I)
    (hf' : ∀ x ∈ I, deriv f x = 0) :
    ∀ x ∈ I, ∀ y ∈ I, f x = f y","Zero derivative implies constant: if `f : ℝ → ℝ` is differentiable on a convex set
`I ⊆ ℝ` (i.e. an interval) and `deriv f x = 0` for every `x ∈ I`, then `f` is constant on
`I`, i.e. `f x = f y` for all `x, y ∈ I`."
47,"Compare any \(x,y\in I\) using the total order on \(\mathbb{R}\), then combine the opposing monotonicity inequalities by antisymmetry to conclude \(f(x)=f(y)\).",atlas.real_analysis.d10748554758,zero_deriv_imp_constant,3,external/atlas-lean/Atlas/RealAnalysis/code/Derivatives/MVT.lean,"theorem zero_deriv_imp_constant (f : ℝ → ℝ) (I : Set ℝ)
    (hI : Convex ℝ I)
    (hfd : DifferentiableOn ℝ f I)
    (hf' : ∀ x ∈ I, deriv f x = 0) :
    ∀ x ∈ I, ∀ y ∈ I, f x = f y","Zero derivative implies constant: if `f : ℝ → ℝ` is differentiable on a convex set
`I ⊆ ℝ` (i.e. an interval) and `deriv f x = 0` for every `x ∈ I`, then `f` is constant on
`I`, i.e. `f x = f y` for all `x, y ∈ I`."
48,"Identify `interior (Set.Icc a b)` with `Set.Ioo a b`, so the pointwise differentiability hypothesis yields `DifferentiableOn ℝ f` on the interval’s interior.",atlas.real_analysis.ea64a8de8ee8,monotonicity_and_derivatives,1,external/atlas-lean/Atlas/RealAnalysis/code/Derivatives/MVT.lean,"theorem monotonicity_and_derivatives (f : ℝ → ℝ) (a b : ℝ) (_hab : a < b)
    (hfc : ContinuousOn f (Set.Icc a b))
    (hfd : ∀ x ∈ Set.Ioo a b, DifferentiableAt ℝ f x) :
    (MonotoneOn f (Set.Icc a b) ↔ ∀ x ∈ Set.Ioo a b, 0 ≤ deriv f x) ∧
    (AntitoneOn f (Set.Icc a b) ↔ ∀ x ∈ Set.Ioo a b, deriv f x ≤ 0)","Monotonicity characterized by the sign of the derivative on an interval.
If `f : ℝ → ℝ` is continuous on `[a, b]` and differentiable at every point of `(a, b)`, then:
(1) `f` is monotonically increasing on `[a, b]` iff `0 ≤ deriv f x` for all `x ∈ (a, b)`;
(2) `f` is monotonically decreasing on `[a, b]` iff `deriv f x ≤ 0` for all `x ∈ (a, b)`."
49,"To derive a nonnegative derivative from monotonicity, approach each interior point from the right and choose sufficiently small `t > 0` so that `x + t ∈ [a,b]`, making the difference quotient `t⁻¹ (f (x+t) - f x)` nonnegative.",atlas.real_analysis.ea64a8de8ee8,monotonicity_and_derivatives,2,external/atlas-lean/Atlas/RealAnalysis/code/Derivatives/MVT.lean,"theorem monotonicity_and_derivatives (f : ℝ → ℝ) (a b : ℝ) (_hab : a < b)
    (hfc : ContinuousOn f (Set.Icc a b))
    (hfd : ∀ x ∈ Set.Ioo a b, DifferentiableAt ℝ f x) :
    (MonotoneOn f (Set.Icc a b) ↔ ∀ x ∈ Set.Ioo a b, 0 ≤ deriv f x) ∧
    (AntitoneOn f (Set.Icc a b) ↔ ∀ x ∈ Set.Ioo a b, deriv f x ≤ 0)","Monotonicity characterized by the sign of the derivative on an interval.
If `f : ℝ → ℝ` is continuous on `[a, b]` and differentiable at every point of `(a, b)`, then:
(1) `f` is monotonically increasing on `[a, b]` iff `0 ≤ deriv f x` for all `x ∈ (a, b)`;
(2) `f` is monotonically decreasing on `[a, b]` iff `deriv f x ≤ 0` for all `x ∈ (a, b)`."
50,Use convergence of the right-hand difference quotients to `deriv f x` and preservation of inequalities under limits to conclude `0 ≤ deriv f x`.,atlas.real_analysis.ea64a8de8ee8,monotonicity_and_derivatives,3,external/atlas-lean/Atlas/RealAnalysis/code/Derivatives/MVT.lean,"theorem monotonicity_and_derivatives (f : ℝ → ℝ) (a b : ℝ) (_hab : a < b)
    (hfc : ContinuousOn f (Set.Icc a b))
    (hfd : ∀ x ∈ Set.Ioo a b, DifferentiableAt ℝ f x) :
    (MonotoneOn f (Set.Icc a b) ↔ ∀ x ∈ Set.Ioo a b, 0 ≤ deriv f x) ∧
    (AntitoneOn f (Set.Icc a b) ↔ ∀ x ∈ Set.Ioo a b, deriv f x ≤ 0)","Monotonicity characterized by the sign of the derivative on an interval.
If `f : ℝ → ℝ` is continuous on `[a, b]` and differentiable at every point of `(a, b)`, then:
(1) `f` is monotonically increasing on `[a, b]` iff `0 ≤ deriv f x` for all `x ∈ (a, b)`;
(2) `f` is monotonically decreasing on `[a, b]` iff `deriv f x ≤ 0` for all `x ∈ (a, b)`."
51,"For the converse, apply the derivative monotonicity theorem `monotoneOn_of_deriv_nonneg`, using convexity of `[a,b]`, continuity on the closed interval, and differentiability on its interior.",atlas.real_analysis.ea64a8de8ee8,monotonicity_and_derivatives,4,external/atlas-lean/Atlas/RealAnalysis/code/Derivatives/MVT.lean,"theorem monotonicity_and_derivatives (f : ℝ → ℝ) (a b : ℝ) (_hab : a < b)
    (hfc : ContinuousOn f (Set.Icc a b))
    (hfd : ∀ x ∈ Set.Ioo a b, DifferentiableAt ℝ f x) :
    (MonotoneOn f (Set.Icc a b) ↔ ∀ x ∈ Set.Ioo a b, 0 ≤ deriv f x) ∧
    (AntitoneOn f (Set.Icc a b) ↔ ∀ x ∈ Set.Ioo a b, deriv f x ≤ 0)","Monotonicity characterized by the sign of the derivative on an interval.
If `f : ℝ → ℝ` is continuous on `[a, b]` and differentiable at every point of `(a, b)`, then:
(1) `f` is monotonically increasing on `[a, b]` iff `0 ≤ deriv f x` for all `x ∈ (a, b)`;
(2) `f` is monotonically decreasing on `[a, b]` iff `deriv f x ≤ 0` for all `x ∈ (a, b)`."
52,"Repeat the same right-difference-quotient argument for antitonicity, where `f (x+t) ≤ f x` makes every quotient nonpositive, and use `antitoneOn_of_deriv_nonpos` for the converse.",atlas.real_analysis.ea64a8de8ee8,monotonicity_and_derivatives,5,external/atlas-lean/Atlas/RealAnalysis/code/Derivatives/MVT.lean,"theorem monotonicity_and_derivatives (f : ℝ → ℝ) (a b : ℝ) (_hab : a < b)
    (hfc : ContinuousOn f (Set.Icc a b))
    (hfd : ∀ x ∈ Set.Ioo a b, DifferentiableAt ℝ f x) :
    (MonotoneOn f (Set.Icc a b) ↔ ∀ x ∈ Set.Ioo a b, 0 ≤ deriv f x) ∧
    (AntitoneOn f (Set.Icc a b) ↔ ∀ x ∈ Set.Ioo a b, deriv f x ≤ 0)","Monotonicity characterized by the sign of the derivative on an interval.
If `f : ℝ → ℝ` is continuous on `[a, b]` and differentiable at every point of `(a, b)`, then:
(1) `f` is monotonically increasing on `[a, b]` iff `0 ≤ deriv f x` for all `x ∈ (a, b)`;
(2) `f` is monotonically decreasing on `[a, b]` iff `deriv f x ≤ 0` for all `x ∈ (a, b)`."
53,"Apply the previously established Lagrange mean-remainder theorem to obtain an intermediate point \(c\in(x₀,x)\) together with the Taylor remainder identity.",atlas.real_analysis.8c1166f65e44,taylor_theorem,1,external/atlas-lean/Atlas/RealAnalysis/code/Derivatives/Taylor.lean,"theorem taylor_theorem (f : ℝ → ℝ) (n : ℕ) (x₀ x : ℝ) (hx : x₀ < x)
    (hf : ContDiffOn ℝ (↑n) f (Set.Icc x₀ x))
    (hf' : DifferentiableOn ℝ (iteratedDerivWithin n f (Set.Icc x₀ x)) (Set.Ioo x₀ x)) :
    ∃ c ∈ Set.Ioo x₀ x,
      f x = (∑ k ∈ Finset.range (n + 1),
          iteratedDerivWithin k f (Set.Icc x₀ x) x₀ / k.factorial * (x - x₀) ^ k) +
        iteratedDerivWithin (n + 1) f (Set.Icc x₀ x) c / (n + 1).factorial *
          (x - x₀) ^ (n + 1)","*Taylor's theorem** (Lagrange form of the remainder). Suppose `f : ℝ → ℝ` is `n` times
continuously differentiable on `[x₀, x]` and its `n`-th derivative is differentiable on the open
interval `(x₀, x)`. Then there exists `c ∈ (x₀, x)` such that
`f(x) = ∑_{k=0}^{n} f^{(k)}(x₀)/k! · (x - x₀)^k + f^{(n+1)}(c)/(n+1)! · (x - x₀)^{n+1}`.
That is, `f(x)` equals the `n`-th order Taylor polynomial at `x₀` plus the Lagrange remainder
term evaluated at some intermediate point `c`."
54,"Unfold the Taylor polynomial in that identity using `taylor_within_apply`, exposing the finite sum in terms of iterated derivatives within \([x₀,x]\).",atlas.real_analysis.8c1166f65e44,taylor_theorem,2,external/atlas-lean/Atlas/RealAnalysis/code/Derivatives/Taylor.lean,"theorem taylor_theorem (f : ℝ → ℝ) (n : ℕ) (x₀ x : ℝ) (hx : x₀ < x)
    (hf : ContDiffOn ℝ (↑n) f (Set.Icc x₀ x))
    (hf' : DifferentiableOn ℝ (iteratedDerivWithin n f (Set.Icc x₀ x)) (Set.Ioo x₀ x)) :
    ∃ c ∈ Set.Ioo x₀ x,
      f x = (∑ k ∈ Finset.range (n + 1),
          iteratedDerivWithin k f (Set.Icc x₀ x) x₀ / k.factorial * (x - x₀) ^ k) +
        iteratedDerivWithin (n + 1) f (Set.Icc x₀ x) c / (n + 1).factorial *
          (x - x₀) ^ (n + 1)","*Taylor's theorem** (Lagrange form of the remainder). Suppose `f : ℝ → ℝ` is `n` times
continuously differentiable on `[x₀, x]` and its `n`-th derivative is differentiable on the open
interval `(x₀, x)`. Then there exists `c ∈ (x₀, x)` such that
`f(x) = ∑_{k=0}^{n} f^{(k)}(x₀)/k! · (x - x₀)^k + f^{(n+1)}(c)/(n+1)! · (x - x₀)^{n+1}`.
That is, `f(x)` equals the `n`-th order Taylor polynomial at `x₀` plus the Lagrange remainder
term evaluated at some intermediate point `c`."
55,Rewrite each scalar-multiplication summand into the target form \(\frac{f^{(k)}(x₀)}{k!}(x-x₀)^k\) using real scalar multiplication and elementary ring identities.,atlas.real_analysis.8c1166f65e44,taylor_theorem,3,external/atlas-lean/Atlas/RealAnalysis/code/Derivatives/Taylor.lean,"theorem taylor_theorem (f : ℝ → ℝ) (n : ℕ) (x₀ x : ℝ) (hx : x₀ < x)
    (hf : ContDiffOn ℝ (↑n) f (Set.Icc x₀ x))
    (hf' : DifferentiableOn ℝ (iteratedDerivWithin n f (Set.Icc x₀ x)) (Set.Ioo x₀ x)) :
    ∃ c ∈ Set.Ioo x₀ x,
      f x = (∑ k ∈ Finset.range (n + 1),
          iteratedDerivWithin k f (Set.Icc x₀ x) x₀ / k.factorial * (x - x₀) ^ k) +
        iteratedDerivWithin (n + 1) f (Set.Icc x₀ x) c / (n + 1).factorial *
          (x - x₀) ^ (n + 1)","*Taylor's theorem** (Lagrange form of the remainder). Suppose `f : ℝ → ℝ` is `n` times
continuously differentiable on `[x₀, x]` and its `n`-th derivative is differentiable on the open
interval `(x₀, x)`. Then there exists `c ∈ (x₀, x)` such that
`f(x) = ∑_{k=0}^{n} f^{(k)}(x₀)/k! · (x - x₀)^k + f^{(n+1)}(c)/(n+1)! · (x - x₀)^{n+1}`.
That is, `f(x)` equals the `n`-th order Taylor polynomial at `x₀` plus the Lagrange remainder
term evaluated at some intermediate point `c`."
56,"Rearrange the remainder coefficient so division by \((n+1)!\) applies to the derivative before multiplication by \((x-x₀)^{n+1}\), then conclude from the original remainder identity.",atlas.real_analysis.8c1166f65e44,taylor_theorem,4,external/atlas-lean/Atlas/RealAnalysis/code/Derivatives/Taylor.lean,"theorem taylor_theorem (f : ℝ → ℝ) (n : ℕ) (x₀ x : ℝ) (hx : x₀ < x)
    (hf : ContDiffOn ℝ (↑n) f (Set.Icc x₀ x))
    (hf' : DifferentiableOn ℝ (iteratedDerivWithin n f (Set.Icc x₀ x)) (Set.Ioo x₀ x)) :
    ∃ c ∈ Set.Ioo x₀ x,
      f x = (∑ k ∈ Finset.range (n + 1),
          iteratedDerivWithin k f (Set.Icc x₀ x) x₀ / k.factorial * (x - x₀) ^ k) +
        iteratedDerivWithin (n + 1) f (Set.Icc x₀ x) c / (n + 1).factorial *
          (x - x₀) ^ (n + 1)","*Taylor's theorem** (Lagrange form of the remainder). Suppose `f : ℝ → ℝ` is `n` times
continuously differentiable on `[x₀, x]` and its `n`-th derivative is differentiable on the open
interval `(x₀, x)`. Then there exists `c ∈ (x₀, x)` such that
`f(x) = ∑_{k=0}^{n} f^{(k)}(x₀)/k! · (x - x₀)^k + f^{(n+1)}(c)/(n+1)! · (x - x₀)^{n+1}`.
That is, `f(x)` equals the `n`-th order Taylor polynomial at `x₀` plus the Lagrange remainder
term evaluated at some intermediate point `c`."
57,"Rewrite the positive second derivative hypothesis as `deriv (deriv f) x₀ > 0`, and combine it with `deriv f x₀ = 0` to show that near `x₀` the sign of `deriv f x` equals the sign of `x - x₀`.",atlas.real_analysis.854142c00e14,second_derivative_test_min,1,external/atlas-lean/Atlas/RealAnalysis/code/Derivatives/Taylor.lean,"theorem second_derivative_test_min (f : ℝ → ℝ) (x₀ : ℝ)
    (hf : ContDiffAt ℝ 2 f x₀)
    (hf1 : deriv f x₀ = 0) (hf2 : 0 < iteratedDeriv 2 f x₀) :
    IsStrictLocalMin f x₀","*Second derivative test for a strict local minimum.** If `f : ℝ → ℝ` is twice continuously
differentiable at `x₀`, with `f'(x₀) = 0` and `f''(x₀) > 0`, then `f` has a strict relative
minimum at `x₀`."
58,"Use twice continuous differentiability to obtain a neighborhood on which `f` is differentiable, then intersect its radius with the radius where the derivative-sign relation holds.",atlas.real_analysis.854142c00e14,second_derivative_test_min,2,external/atlas-lean/Atlas/RealAnalysis/code/Derivatives/Taylor.lean,"theorem second_derivative_test_min (f : ℝ → ℝ) (x₀ : ℝ)
    (hf : ContDiffAt ℝ 2 f x₀)
    (hf1 : deriv f x₀ = 0) (hf2 : 0 < iteratedDeriv 2 f x₀) :
    IsStrictLocalMin f x₀","*Second derivative test for a strict local minimum.** If `f : ℝ → ℝ` is twice continuously
differentiable at `x₀`, with `f'(x₀) = 0` and `f''(x₀) > 0`, then `f` has a strict relative
minimum at `x₀`."
59,"Observe that every point of the interval joining `x₀` to a point inside this common ball also remains inside the ball, so both differentiability and the derivative-sign information apply throughout that interval.",atlas.real_analysis.854142c00e14,second_derivative_test_min,3,external/atlas-lean/Atlas/RealAnalysis/code/Derivatives/Taylor.lean,"theorem second_derivative_test_min (f : ℝ → ℝ) (x₀ : ℝ)
    (hf : ContDiffAt ℝ 2 f x₀)
    (hf1 : deriv f x₀ = 0) (hf2 : 0 < iteratedDeriv 2 f x₀) :
    IsStrictLocalMin f x₀","*Second derivative test for a strict local minimum.** If `f : ℝ → ℝ` is twice continuously
differentiable at `x₀`, with `f'(x₀) = 0` and `f''(x₀) > 0`, then `f` has a strict relative
minimum at `x₀`."
60,"For a point `y < x₀`, the derivative is negative on the interior of `[y, x₀]`, making `f` strictly decreasing there and hence giving `f x₀ < f y`.",atlas.real_analysis.854142c00e14,second_derivative_test_min,4,external/atlas-lean/Atlas/RealAnalysis/code/Derivatives/Taylor.lean,"theorem second_derivative_test_min (f : ℝ → ℝ) (x₀ : ℝ)
    (hf : ContDiffAt ℝ 2 f x₀)
    (hf1 : deriv f x₀ = 0) (hf2 : 0 < iteratedDeriv 2 f x₀) :
    IsStrictLocalMin f x₀","*Second derivative test for a strict local minimum.** If `f : ℝ → ℝ` is twice continuously
differentiable at `x₀`, with `f'(x₀) = 0` and `f''(x₀) > 0`, then `f` has a strict relative
minimum at `x₀`."
61,"For a point `y > x₀`, the derivative is positive on the interior of `[x₀, y]`, making `f` strictly increasing there and hence again giving `f x₀ < f y`.",atlas.real_analysis.854142c00e14,second_derivative_test_min,5,external/atlas-lean/Atlas/RealAnalysis/code/Derivatives/Taylor.lean,"theorem second_derivative_test_min (f : ℝ → ℝ) (x₀ : ℝ)
    (hf : ContDiffAt ℝ 2 f x₀)
    (hf1 : deriv f x₀ = 0) (hf2 : 0 < iteratedDeriv 2 f x₀) :
    IsStrictLocalMin f x₀","*Second derivative test for a strict local minimum.** If `f : ℝ → ℝ` is twice continuously
differentiable at `x₀`, with `f'(x₀) = 0` and `f''(x₀) > 0`, then `f` has a strict relative
minimum at `x₀`."
62,"Combining the two sides proves that every sufficiently close point distinct from `x₀` has strictly larger function value, which is exactly `IsStrictLocalMin f x₀`.",atlas.real_analysis.854142c00e14,second_derivative_test_min,6,external/atlas-lean/Atlas/RealAnalysis/code/Derivatives/Taylor.lean,"theorem second_derivative_test_min (f : ℝ → ℝ) (x₀ : ℝ)
    (hf : ContDiffAt ℝ 2 f x₀)
    (hf1 : deriv f x₀ = 0) (hf2 : 0 < iteratedDeriv 2 f x₀) :
    IsStrictLocalMin f x₀","*Second derivative test for a strict local minimum.** If `f : ℝ → ℝ` is twice continuously
differentiable at `x₀`, with `f'(x₀) = 0` and `f''(x₀) > 0`, then `f` has a strict relative
minimum at `x₀`."
63,Group \(b+c\) as a single term and apply the two-term reverse triangle inequality to obtain \(|a|-|b+c|\le |a+(b+c)|\).,atlas.real_analysis.7adb6045ae9e,reverse_triangle_three,1,external/atlas-lean/Atlas/RealAnalysis/code/Derivatives/Weierstrass.lean,theorem reverse_triangle_three (a b c : ℝ) : |a + b + c| ≥ |a| - |b| - |c|,"*Theorem II (reverse triangle inequality, three terms).** For all real numbers `a`, `b`, `c`,
the absolute value of their sum is at least `|a| - |b| - |c|`."
64,"Use the ordinary triangle inequality \(|b+c|\le |b|+|c|\), which implies \(|a|-|b|-|c|\le |a|-|b+c|\).",atlas.real_analysis.7adb6045ae9e,reverse_triangle_three,2,external/atlas-lean/Atlas/RealAnalysis/code/Derivatives/Weierstrass.lean,theorem reverse_triangle_three (a b c : ℝ) : |a + b + c| ≥ |a| - |b| - |c|,"*Theorem II (reverse triangle inequality, three terms).** For all real numbers `a`, `b`, `c`,
the absolute value of their sum is at least `|a| - |b| - |c|`."
65,Chain these inequalities and rewrite \(a+(b+c)=a+b+c\) by associativity to reach \(|a|-|b|-|c|\le |a+b+c|\).,atlas.real_analysis.7adb6045ae9e,reverse_triangle_three,3,external/atlas-lean/Atlas/RealAnalysis/code/Derivatives/Weierstrass.lean,theorem reverse_triangle_three (a b c : ℝ) : |a + b + c| ≥ |a| - |b| - |c|,"*Theorem II (reverse triangle inequality, three terms).** For all real numbers `a`, `b`, `c`,
the absolute value of their sum is at least `|a| - |b| - |c|`."
66,The 1-Lipschitz assertion is obtained directly from the standard estimate \(\lvert \cos x-\cos y\rvert\le \lvert x-y\rvert\).,atlas.real_analysis.48866535c0ff,weierstrass_theorem_I,1,external/atlas-lean/Atlas/RealAnalysis/code/Derivatives/Weierstrass.lean,"theorem weierstrass_theorem_I :
    (∀ x y : ℝ, |cos x - cos y| ≤ |x - y|) ∧
    (∀ c : ℝ, ∀ K : ℕ, 0 < K →
      ∃ y, c + π / K < y ∧ y < c + 3 * π / K ∧
        |cos (K * c) - cos (K * y)| ≥ 1)","*Theorem I (cosine oscillation lemma).** Two statements about the cosine function:
(1) `cos` is 1-Lipschitz, i.e. `|cos x - cos y| ≤ |x - y|` for all real `x, y`.
(2) For every real `c` and every positive natural number `K`, there exists a point
`y` in the open interval `(c + π/K, c + 3π/K)` such that `|cos (K c) - cos (K y)| ≥ 1`."
67,"Choose \(y_1=c+\frac{3\pi}{2K}\) and \(y_2=c+\frac{5\pi}{2K}\), whose phase shifts make \(\cos(Ky_1)=\sin(Kc)\) and \(\cos(Ky_2)=-\sin(Kc)\).",atlas.real_analysis.48866535c0ff,weierstrass_theorem_I,2,external/atlas-lean/Atlas/RealAnalysis/code/Derivatives/Weierstrass.lean,"theorem weierstrass_theorem_I :
    (∀ x y : ℝ, |cos x - cos y| ≤ |x - y|) ∧
    (∀ c : ℝ, ∀ K : ℕ, 0 < K →
      ∃ y, c + π / K < y ∧ y < c + 3 * π / K ∧
        |cos (K * c) - cos (K * y)| ≥ 1)","*Theorem I (cosine oscillation lemma).** Two statements about the cosine function:
(1) `cos` is 1-Lipschitz, i.e. `|cos x - cos y| ≤ |x - y|` for all real `x, y`.
(2) For every real `c` and every positive natural number `K`, there exists a point
`y` in the open interval `(c + π/K, c + 3π/K)` such that `|cos (K c) - cos (K y)| ≥ 1`."
68,"Positivity of \(K\) and \(\pi\) shows that both \(y_1\) and \(y_2\) lie strictly inside \(\left(c+\frac{\pi}{K},\,c+\frac{3\pi}{K}\right)\).",atlas.real_analysis.48866535c0ff,weierstrass_theorem_I,3,external/atlas-lean/Atlas/RealAnalysis/code/Derivatives/Weierstrass.lean,"theorem weierstrass_theorem_I :
    (∀ x y : ℝ, |cos x - cos y| ≤ |x - y|) ∧
    (∀ c : ℝ, ∀ K : ℕ, 0 < K →
      ∃ y, c + π / K < y ∧ y < c + 3 * π / K ∧
        |cos (K * c) - cos (K * y)| ≥ 1)","*Theorem I (cosine oscillation lemma).** Two statements about the cosine function:
(1) `cos` is 1-Lipschitz, i.e. `|cos x - cos y| ≤ |x - y|` for all real `x, y`.
(2) For every real `c` and every positive natural number `K`, there exists a point
`y` in the open interval `(c + π/K, c + 3π/K)` such that `|cos (K c) - cos (K y)| ≥ 1`."
69,"At least one candidate works because \((\cos t-\sin t)^2+(\cos t+\sin t)^2=2\), so \(\lvert\cos t-\sin t\rvert\) and \(\lvert\cos t+\sin t\rvert\) cannot both be less than \(1\).",atlas.real_analysis.48866535c0ff,weierstrass_theorem_I,4,external/atlas-lean/Atlas/RealAnalysis/code/Derivatives/Weierstrass.lean,"theorem weierstrass_theorem_I :
    (∀ x y : ℝ, |cos x - cos y| ≤ |x - y|) ∧
    (∀ c : ℝ, ∀ K : ℕ, 0 < K →
      ∃ y, c + π / K < y ∧ y < c + 3 * π / K ∧
        |cos (K * c) - cos (K * y)| ≥ 1)","*Theorem I (cosine oscillation lemma).** Two statements about the cosine function:
(1) `cos` is 1-Lipschitz, i.e. `|cos x - cos y| ≤ |x - y|` for all real `x, y`.
(2) For every real `c` and every positive natural number `K`, there exists a point
`y` in the open interval `(c + π/K, c + 3π/K)` such that `|cos (K c) - cos (K y)| ≥ 1`."
70,"Uniformly dominate every summand using \(\left|\cos(160^k x)/4^k\right|\le (1/4)^k\), relying on \(|\cos t|\le 1\) and \(4^k>0\).",atlas.real_analysis.154d27ad6b0e,weierstrass_theorem_III,1,external/atlas-lean/Atlas/RealAnalysis/code/Derivatives/Weierstrass.lean,"theorem weierstrass_theorem_III :
    (∀ x : ℝ, Summable (fun k : ℕ => |cos (160 ^ k * x) / 4 ^ k|)) ∧
    (Continuous weierstrass_fun ∧ ∃ B, ∀ x, |weierstrass_fun x| ≤ B)","*Theorem III.** The defining series of the Weierstrass function is well-behaved:
(1) for every `x ∈ ℝ`, the series `∑ k, cos(160^k x) / 4^k` is absolutely convergent;
(2) the function `weierstrass_fun` is continuous and bounded on `ℝ`."
71,Use convergence of the geometric series \(\sum_k(1/4)^k\) to obtain absolute convergence for every \(x\) by comparison.,atlas.real_analysis.154d27ad6b0e,weierstrass_theorem_III,2,external/atlas-lean/Atlas/RealAnalysis/code/Derivatives/Weierstrass.lean,"theorem weierstrass_theorem_III :
    (∀ x : ℝ, Summable (fun k : ℕ => |cos (160 ^ k * x) / 4 ^ k|)) ∧
    (Continuous weierstrass_fun ∧ ∃ B, ∀ x, |weierstrass_fun x| ≤ B)","*Theorem III.** The defining series of the Weierstrass function is well-behaved:
(1) for every `x ∈ ℝ`, the series `∑ k, cos(160^k x) / 4^k` is absolutely convergent;
(2) the function `weierstrass_fun` is continuous and bounded on `ℝ`."
72,"Apply the Weierstrass \(M\)-test to the continuous summands, using the same \(x\)-independent geometric bound, to deduce continuity of the infinite sum.",atlas.real_analysis.154d27ad6b0e,weierstrass_theorem_III,3,external/atlas-lean/Atlas/RealAnalysis/code/Derivatives/Weierstrass.lean,"theorem weierstrass_theorem_III :
    (∀ x : ℝ, Summable (fun k : ℕ => |cos (160 ^ k * x) / 4 ^ k|)) ∧
    (Continuous weierstrass_fun ∧ ∃ B, ∀ x, |weierstrass_fun x| ≤ B)","*Theorem III.** The defining series of the Weierstrass function is well-behaved:
(1) for every `x ∈ ℝ`, the series `∑ k, cos(160^k x) / 4^k` is absolutely convergent;
(2) the function `weierstrass_fun` is continuous and bounded on `ℝ`."
73,Combine the infinite-series triangle inequality with the geometric-series sum \(\sum_k(1/4)^k=4/3\) to obtain the global bound \(|\operatorname{weierstrass\_fun}(x)|\le 4/3\).,atlas.real_analysis.154d27ad6b0e,weierstrass_theorem_III,4,external/atlas-lean/Atlas/RealAnalysis/code/Derivatives/Weierstrass.lean,"theorem weierstrass_theorem_III :
    (∀ x : ℝ, Summable (fun k : ℕ => |cos (160 ^ k * x) / 4 ^ k|)) ∧
    (Continuous weierstrass_fun ∧ ∃ B, ∀ x, |weierstrass_fun x| ≤ B)","*Theorem III.** The defining series of the Weierstrass function is well-behaved:
(1) for every `x ∈ ℝ`, the series `∑ k, cos(160^k x) / 4^k` is absolutely convergent;
(2) the function `weierstrass_fun` is continuous and bounded on `ℝ`."
74,"Bound the oscillatory numerator uniformly using \(\lvert\cos t\rvert \le 1\), obtaining \(\left|\cos(160^k x)/4^k\right| \le 1/4^k\).",atlas.real_analysis.de15dd292228,weierstrass_summable,1,external/atlas-lean/Atlas/RealAnalysis/code/Derivatives/Weierstrass.lean,"lemma weierstrass_summable (x : ℝ) :
    Summable (fun k : ℕ => cos (160 ^ k * x) / (4:ℝ) ^ k)","For every real `x`, the series `∑ k, cos(160^k x) / 4^k` defining the Weierstrass function
is summable, by comparison with the geometric series `∑ (1/4)^k`."
75,Recognize \(1/4^k=(1/4)^k\) and use that the geometric series with ratio \(1/4<1\) is summable.,atlas.real_analysis.de15dd292228,weierstrass_summable,2,external/atlas-lean/Atlas/RealAnalysis/code/Derivatives/Weierstrass.lean,"lemma weierstrass_summable (x : ℝ) :
    Summable (fun k : ℕ => cos (160 ^ k * x) / (4:ℝ) ^ k)","For every real `x`, the series `∑ k, cos(160^k x) / 4^k` defining the Weierstrass function
is summable, by comparison with the geometric series `∑ (1/4)^k`."
76,Apply the norm comparison test to conclude that the original series is absolutely summable.,atlas.real_analysis.de15dd292228,weierstrass_summable,3,external/atlas-lean/Atlas/RealAnalysis/code/Derivatives/Weierstrass.lean,"lemma weierstrass_summable (x : ℝ) :
    Summable (fun k : ℕ => cos (160 ^ k * x) / (4:ℝ) ^ k)","For every real `x`, the series `∑ k, cos(160^k x) / 4^k` defining the Weierstrass function
is summable, by comparison with the geometric series `∑ (1/4)^k`."
77,Choose \(y>c\) within \(3\pi/160^n\) using the oscillation theorem so that the \(n\)-th cosine mode changes by at least \(1\).,atlas.real_analysis.cf338ff3842e,weierstrass_slope_lower_bound,1,external/atlas-lean/Atlas/RealAnalysis/code/Derivatives/Weierstrass.lean,"lemma weierstrass_slope_lower_bound (c : ℝ) (n : ℕ) :
    ∃ y : ℝ, y ≠ c ∧ |y - c| < 3 * π / (160:ℝ)^n ∧
    |(weierstrass_fun y - weierstrass_fun c) / (y - c)| ≥ (40:ℝ)^n / (117 * π)","*Slope blow-up lemma.** For every real `c` and every natural number `n`, there exists a
point `y ≠ c` with `|y - c| < 3π / 160^n` such that the difference quotient of the
Weierstrass function between `y` and `c` has absolute value at least `40^n / (117 π)`.
Since `40^n / (117 π) → ∞`, this witnesses that the function cannot have a finite derivative
at `c`."
78,"Rewrite \(W(y)-W(c)\) as the summable series of termwise differences and split it into the modes below \(n\), the dominant \(n\)-th mode, and the tail above \(n\).",atlas.real_analysis.cf338ff3842e,weierstrass_slope_lower_bound,2,external/atlas-lean/Atlas/RealAnalysis/code/Derivatives/Weierstrass.lean,"lemma weierstrass_slope_lower_bound (c : ℝ) (n : ℕ) :
    ∃ y : ℝ, y ≠ c ∧ |y - c| < 3 * π / (160:ℝ)^n ∧
    |(weierstrass_fun y - weierstrass_fun c) / (y - c)| ≥ (40:ℝ)^n / (117 * π)","*Slope blow-up lemma.** For every real `c` and every natural number `n`, there exists a
point `y ≠ c` with `|y - c| < 3π / 160^n` such that the difference quotient of the
Weierstrass function between `y` and `c` has absolute value at least `40^n / (117 π)`.
Since `40^n / (117 π) → ∞`, this witnesses that the function cannot have a finite derivative
at `c`."
79,The oscillation condition makes the \(n\)-th mode contribute at least \(1/4^n\) in absolute value.,atlas.real_analysis.cf338ff3842e,weierstrass_slope_lower_bound,3,external/atlas-lean/Atlas/RealAnalysis/code/Derivatives/Weierstrass.lean,"lemma weierstrass_slope_lower_bound (c : ℝ) (n : ℕ) :
    ∃ y : ℝ, y ≠ c ∧ |y - c| < 3 * π / (160:ℝ)^n ∧
    |(weierstrass_fun y - weierstrass_fun c) / (y - c)| ≥ (40:ℝ)^n / (117 * π)","*Slope blow-up lemma.** For every real `c` and every natural number `n`, there exists a
point `y ≠ c` with `|y - c| < 3π / 160^n` such that the difference quotient of the
Weierstrass function between `y` and `c` has absolute value at least `40^n / (117 π)`.
Since `40^n / (117 π) → ∞`, this witnesses that the function cannot have a finite derivative
at `c`."
80,"Bound the lower-frequency modes using the Lipschitz estimate \(|\cos u-\cos v|\le |u-v|\), the proximity of \(y\) to \(c\), and a geometric-series estimate to obtain \(4/(13\cdot4^n)\).",atlas.real_analysis.cf338ff3842e,weierstrass_slope_lower_bound,4,external/atlas-lean/Atlas/RealAnalysis/code/Derivatives/Weierstrass.lean,"lemma weierstrass_slope_lower_bound (c : ℝ) (n : ℕ) :
    ∃ y : ℝ, y ≠ c ∧ |y - c| < 3 * π / (160:ℝ)^n ∧
    |(weierstrass_fun y - weierstrass_fun c) / (y - c)| ≥ (40:ℝ)^n / (117 * π)","*Slope blow-up lemma.** For every real `c` and every natural number `n`, there exists a
point `y ≠ c` with `|y - c| < 3π / 160^n` such that the difference quotient of the
Weierstrass function between `y` and `c` has absolute value at least `40^n / (117 π)`.
Since `40^n / (117 π) → ∞`, this witnesses that the function cannot have a finite derivative
at `c`."
81,"Bound the higher-frequency tail using \(|\cos u-\cos v|\le2\) and the geometric decay \(4^{-k}\), yielding \(2/(3\cdot4^n)\).",atlas.real_analysis.cf338ff3842e,weierstrass_slope_lower_bound,5,external/atlas-lean/Atlas/RealAnalysis/code/Derivatives/Weierstrass.lean,"lemma weierstrass_slope_lower_bound (c : ℝ) (n : ℕ) :
    ∃ y : ℝ, y ≠ c ∧ |y - c| < 3 * π / (160:ℝ)^n ∧
    |(weierstrass_fun y - weierstrass_fun c) / (y - c)| ≥ (40:ℝ)^n / (117 * π)","*Slope blow-up lemma.** For every real `c` and every natural number `n`, there exists a
point `y ≠ c` with `|y - c| < 3π / 160^n` such that the difference quotient of the
Weierstrass function between `y` and `c` has absolute value at least `40^n / (117 π)`.
Since `40^n / (117 π) → ∞`, this witnesses that the function cannot have a finite derivative
at `c`."
82,"Apply the reverse triangle inequality to retain the positive remainder \(1-4/13-2/3=1/39\), then combine this increment bound with \(y-c<3\pi/160^n\) and \(160^n=40^n4^n\) to obtain the required slope lower bound.",atlas.real_analysis.cf338ff3842e,weierstrass_slope_lower_bound,6,external/atlas-lean/Atlas/RealAnalysis/code/Derivatives/Weierstrass.lean,"lemma weierstrass_slope_lower_bound (c : ℝ) (n : ℕ) :
    ∃ y : ℝ, y ≠ c ∧ |y - c| < 3 * π / (160:ℝ)^n ∧
    |(weierstrass_fun y - weierstrass_fun c) / (y - c)| ≥ (40:ℝ)^n / (117 * π)","*Slope blow-up lemma.** For every real `c` and every natural number `n`, there exists a
point `y ≠ c` with `|y - c| < 3π / 160^n` such that the difference quotient of the
Weierstrass function between `y` and `c` has absolute value at least `40^n / (117 π)`.
Since `40^n / (117 π) → ∞`, this witnesses that the function cannot have a finite derivative
at `c`."
83,"Assume differentiability at \(c\), which forces the slope \(x \mapsto \operatorname{slope}(f,c,x)\) to converge to the finite derivative as \(x \to c\) through \(x \ne c\).",atlas.real_analysis.0bd46e3d6dbf,weierstrass_nowhere_differentiable,1,external/atlas-lean/Atlas/RealAnalysis/code/Derivatives/Weierstrass.lean,"theorem weierstrass_nowhere_differentiable :
    ∀ c : ℝ, ¬ DifferentiableAt ℝ weierstrass_fun c","*Weierstrass's theorem.** The function `weierstrass_fun x = ∑ k, cos(160^k x) / 4^k`
is nowhere differentiable on `ℝ`: for every `c`, `weierstrass_fun` fails to be differentiable
at `c`. The proof uses `weierstrass_slope_lower_bound` to exhibit a sequence of points
approaching `c` along which the difference quotients diverge to infinity, contradicting the
convergence of the slope to a finite derivative."
84,Apply `weierstrass_slope_lower_bound` for each \(n\) to choose \(x_n \ne c\) such that \(|x_n-c|<3\pi/160^n\) while the corresponding difference quotient has magnitude at least \(40^n/(117\pi)\).,atlas.real_analysis.0bd46e3d6dbf,weierstrass_nowhere_differentiable,2,external/atlas-lean/Atlas/RealAnalysis/code/Derivatives/Weierstrass.lean,"theorem weierstrass_nowhere_differentiable :
    ∀ c : ℝ, ¬ DifferentiableAt ℝ weierstrass_fun c","*Weierstrass's theorem.** The function `weierstrass_fun x = ∑ k, cos(160^k x) / 4^k`
is nowhere differentiable on `ℝ`: for every `c`, `weierstrass_fun` fails to be differentiable
at `c`. The proof uses `weierstrass_slope_lower_bound` to exhibit a sequence of points
approaching `c` along which the difference quotients diverge to infinity, contradicting the
convergence of the slope to a finite derivative."
85,"Since \(3\pi/160^n \to 0\), the chosen points satisfy \(x_n \to c\), and their non-equality to \(c\) allows the punctured slope limit to be composed with this sequence.",atlas.real_analysis.0bd46e3d6dbf,weierstrass_nowhere_differentiable,3,external/atlas-lean/Atlas/RealAnalysis/code/Derivatives/Weierstrass.lean,"theorem weierstrass_nowhere_differentiable :
    ∀ c : ℝ, ¬ DifferentiableAt ℝ weierstrass_fun c","*Weierstrass's theorem.** The function `weierstrass_fun x = ∑ k, cos(160^k x) / 4^k`
is nowhere differentiable on `ℝ`: for every `c`, `weierstrass_fun` fails to be differentiable
at `c`. The proof uses `weierstrass_slope_lower_bound` to exhibit a sequence of points
approaching `c` along which the difference quotients diverge to infinity, contradicting the
convergence of the slope to a finite derivative."
86,"Thus the norms of the slopes along \(x_n\) must converge to the finite value \(\lVert\operatorname{deriv} f(c)\rVert\), but their exponentially growing lower bound tends to \(+\infty\), yielding the contradiction.",atlas.real_analysis.0bd46e3d6dbf,weierstrass_nowhere_differentiable,4,external/atlas-lean/Atlas/RealAnalysis/code/Derivatives/Weierstrass.lean,"theorem weierstrass_nowhere_differentiable :
    ∀ c : ℝ, ¬ DifferentiableAt ℝ weierstrass_fun c","*Weierstrass's theorem.** The function `weierstrass_fun x = ∑ k, cos(160^k x) / 4^k`
is nowhere differentiable on `ℝ`: for every `c`, `weierstrass_fun` fails to be differentiable
at `c`. The proof uses `weierstrass_slope_lower_bound` to exhibit a sequence of points
approaching `c` along which the difference quotients diverge to infinity, contradicting the
convergence of the slope to a finite derivative."
87,"Rewrite uniform convergence using `Metric.tendstoUniformlyOn_iff`, reducing the goal to an eventual uniform distance bound for every positive \(\varepsilon\).",atlas.real_analysis.7a37ac7d42a3,uniform_convergence_iff,1,external/atlas-lean/Atlas/RealAnalysis/code/FunctionSequences/Basic.lean,"theorem uniform_convergence_iff (f : ℕ → ℝ → ℝ) (g : ℝ → ℝ) (S : Set ℝ) :
    TendstoUniformlyOn f g atTop S ↔
    ∀ ε > 0, ∃ M : ℕ, ∀ n ≥ M, ∀ x ∈ S, |f n x - g x| < ε","Uniform convergence of `f n` to `g` on `S` is equivalent to the classical `ε`-`M`
formulation: for every `ε > 0`, there exists `M ∈ ℕ` such that for all `n ≥ M` and all
`x ∈ S`, `|f n x - g x| < ε`."
88,Use the characterization of eventual truth along `atTop` on \(\mathbb N\): a property holds eventually exactly when it holds for all \(n \ge M\) for some \(M\).,atlas.real_analysis.7a37ac7d42a3,uniform_convergence_iff,2,external/atlas-lean/Atlas/RealAnalysis/code/FunctionSequences/Basic.lean,"theorem uniform_convergence_iff (f : ℕ → ℝ → ℝ) (g : ℝ → ℝ) (S : Set ℝ) :
    TendstoUniformlyOn f g atTop S ↔
    ∀ ε > 0, ∃ M : ℕ, ∀ n ≥ M, ∀ x ∈ S, |f n x - g x| < ε","Uniform convergence of `f n` to `g` on `S` is equivalent to the classical `ε`-`M`
formulation: for every `ε > 0`, there exists `M ∈ ℕ` such that for all `n ≥ M` and all
`x ∈ S`, `|f n x - g x| < ε`."
89,"Translate between the metric bound and the desired absolute-value bound via \(\operatorname{dist}(a,b)=|a-b|\), using symmetry of distance or absolute differences to correct the order of \(f_n(x)\) and \(g(x)\).",atlas.real_analysis.7a37ac7d42a3,uniform_convergence_iff,3,external/atlas-lean/Atlas/RealAnalysis/code/FunctionSequences/Basic.lean,"theorem uniform_convergence_iff (f : ℕ → ℝ → ℝ) (g : ℝ → ℝ) (S : Set ℝ) :
    TendstoUniformlyOn f g atTop S ↔
    ∀ ε > 0, ∃ M : ℕ, ∀ n ≥ M, ∀ x ∈ S, |f n x - g x| < ε","Uniform convergence of `f n` to `g` on `S` is equivalent to the classical `ε`-`M`
formulation: for every `ε > 0`, there exists `M ∈ ℕ` such that for all `n ≥ M` and all
`x ∈ S`, `|f n x - g x| < ε`."
90,Convert the absolute-value bound \(|f_j(x)| \le M_j\) into the norm bound \(\|f_j(x)\| \le M_j\) using \(\|r\|=|r|\) for real numbers.,atlas.real_analysis.22245b9d4d96,weierstrass_m_test,1,external/atlas-lean/Atlas/RealAnalysis/code/FunctionSequences/Basic.lean,"theorem weierstrass_m_test (f : ℕ → ℝ → ℝ) (M : ℕ → ℝ) (S : Set ℝ)
    (hM : ∀ j, ∀ x ∈ S, |f j x| ≤ M j) (hMsum : Summable M) :
    (∀ x ∈ S, Summable (fun j => f j x)) ∧
    TendstoUniformlyOn (fun n x => ∑ j ∈ Finset.range n, f j x)
      (fun x => ∑' j, f j x) Filter.atTop S","Weierstrass M-test: if `|f j x| ≤ M j` for all `j` and all `x ∈ S`, and `∑ M j` converges,
then for every `x ∈ S` the series `∑ f j x` converges (absolutely), and the partial sums
`∑_{j < n} f j x` converge uniformly on `S` to `∑' j, f j x`."
91,"For each fixed \(x\in S\), apply the norm-comparison test with the summable majorant \(M\) to deduce that \(\sum_j f_j(x)\) is summable.",atlas.real_analysis.22245b9d4d96,weierstrass_m_test,2,external/atlas-lean/Atlas/RealAnalysis/code/FunctionSequences/Basic.lean,"theorem weierstrass_m_test (f : ℕ → ℝ → ℝ) (M : ℕ → ℝ) (S : Set ℝ)
    (hM : ∀ j, ∀ x ∈ S, |f j x| ≤ M j) (hMsum : Summable M) :
    (∀ x ∈ S, Summable (fun j => f j x)) ∧
    TendstoUniformlyOn (fun n x => ∑ j ∈ Finset.range n, f j x)
      (fun x => ∑' j, f j x) Filter.atTop S","Weierstrass M-test: if `|f j x| ≤ M j` for all `j` and all `x ∈ S`, and `∑ M j` converges,
then for every `x ∈ S` the series `∑ f j x` converges (absolutely), and the partial sums
`∑_{j < n} f j x` converge uniformly on `S` to `∑' j, f j x`."
92,"Use the same bound uniformly for every \(x\in S\), together with the summability of \(M\), to apply the uniform-series M-test and obtain uniform convergence of the partial sums to \(x\mapsto\sum'_j f_j(x)\).",atlas.real_analysis.22245b9d4d96,weierstrass_m_test,3,external/atlas-lean/Atlas/RealAnalysis/code/FunctionSequences/Basic.lean,"theorem weierstrass_m_test (f : ℕ → ℝ → ℝ) (M : ℕ → ℝ) (S : Set ℝ)
    (hM : ∀ j, ∀ x ∈ S, |f j x| ≤ M j) (hMsum : Summable M) :
    (∀ x ∈ S, Summable (fun j => f j x)) ∧
    TendstoUniformlyOn (fun n x => ∑ j ∈ Finset.range n, f j x)
      (fun x => ∑' j, f j x) Filter.atTop S","Weierstrass M-test: if `|f j x| ≤ M j` for all `j` and all `x ∈ S`, and `∑ M j` converges,
then for every `x ∈ S` the series `∑ f j x` converges (absolutely), and the partial sums
`∑_{j < n} f j x` converge uniformly on `S` to `∑' j, f j x`."
93,"The uniform limit \(g\) of the continuous derivatives \(f'_n\) is continuous on \([a,b]\), hence interval integrable on every subinterval \([a,x]\).",atlas.real_analysis.432e8639d4c7,uniform_limit_derivative,1,external/atlas-lean/Atlas/RealAnalysis/code/FunctionSequences/InterchangeLimits.lean,"theorem uniform_limit_derivative {f : ℕ → ℝ → ℝ} {g : ℝ → ℝ} {f' : ℕ → ℝ → ℝ}
    {lim : ℝ → ℝ} {a b : ℝ} (hab : a < b)
    (hderiv : ∀ n, ∀ x ∈ Icc a b, HasDerivAt (f n) (f' n x) x)
    (hf'_cont : ∀ n, ContinuousOn (f' n) (Icc a b))
    (hf'_unif : TendstoUniformlyOn f' g atTop (Icc a b))
    (hfg : ∀ x ∈ Icc a b, Tendsto (fun n => f n x) atTop (nhds (lim x))) :
    (∀ x ∈ Icc a b, HasDerivWithinAt lim (g x) (Icc a b) x) ∧ ContinuousOn g (Icc a b)","*Interchange of limits and derivatives.** Let `f n : ℝ → ℝ` be a sequence of functions on
`[a, b]` such that each `f n` is differentiable on `[a, b]` with derivative `f' n` continuous on
`[a, b]`. If `f' n → g` uniformly on `[a, b]` and `f n x → lim x` pointwise on `[a, b]`, then the
limit function `lim` is differentiable on `[a, b]` with derivative `g`, and `g` is continuous on
`[a, b]`. In particular, this shows that the pointwise limit of a sequence of continuously
differentiable functions whose derivatives converge uniformly is itself continuously differentiable,
and that differentiation may be interchanged with the limit."
94,"The fundamental theorem of calculus converts each derivative identity into the increment formula \(f_n(x)-f_n(a)=\int_a^x f'_n(t)\,dt\).",atlas.real_analysis.432e8639d4c7,uniform_limit_derivative,2,external/atlas-lean/Atlas/RealAnalysis/code/FunctionSequences/InterchangeLimits.lean,"theorem uniform_limit_derivative {f : ℕ → ℝ → ℝ} {g : ℝ → ℝ} {f' : ℕ → ℝ → ℝ}
    {lim : ℝ → ℝ} {a b : ℝ} (hab : a < b)
    (hderiv : ∀ n, ∀ x ∈ Icc a b, HasDerivAt (f n) (f' n x) x)
    (hf'_cont : ∀ n, ContinuousOn (f' n) (Icc a b))
    (hf'_unif : TendstoUniformlyOn f' g atTop (Icc a b))
    (hfg : ∀ x ∈ Icc a b, Tendsto (fun n => f n x) atTop (nhds (lim x))) :
    (∀ x ∈ Icc a b, HasDerivWithinAt lim (g x) (Icc a b) x) ∧ ContinuousOn g (Icc a b)","*Interchange of limits and derivatives.** Let `f n : ℝ → ℝ` be a sequence of functions on
`[a, b]` such that each `f n` is differentiable on `[a, b]` with derivative `f' n` continuous on
`[a, b]`. If `f' n → g` uniformly on `[a, b]` and `f n x → lim x` pointwise on `[a, b]`, then the
limit function `lim` is differentiable on `[a, b]` with derivative `g`, and `g` is continuous on
`[a, b]`. In particular, this shows that the pointwise limit of a sequence of continuously
differentiable functions whose derivatives converge uniformly is itself continuously differentiable,
and that differentiation may be interchanged with the limit."
95,"Uniform convergence \(f'_n\to g\) allows passage of the limit through the integral, using the estimate \(\left\|\int_a^x(f'_n-g)\right\|\le (x-a)\sup_{[a,b]}|f'_n-g|\).",atlas.real_analysis.432e8639d4c7,uniform_limit_derivative,3,external/atlas-lean/Atlas/RealAnalysis/code/FunctionSequences/InterchangeLimits.lean,"theorem uniform_limit_derivative {f : ℕ → ℝ → ℝ} {g : ℝ → ℝ} {f' : ℕ → ℝ → ℝ}
    {lim : ℝ → ℝ} {a b : ℝ} (hab : a < b)
    (hderiv : ∀ n, ∀ x ∈ Icc a b, HasDerivAt (f n) (f' n x) x)
    (hf'_cont : ∀ n, ContinuousOn (f' n) (Icc a b))
    (hf'_unif : TendstoUniformlyOn f' g atTop (Icc a b))
    (hfg : ∀ x ∈ Icc a b, Tendsto (fun n => f n x) atTop (nhds (lim x))) :
    (∀ x ∈ Icc a b, HasDerivWithinAt lim (g x) (Icc a b) x) ∧ ContinuousOn g (Icc a b)","*Interchange of limits and derivatives.** Let `f n : ℝ → ℝ` be a sequence of functions on
`[a, b]` such that each `f n` is differentiable on `[a, b]` with derivative `f' n` continuous on
`[a, b]`. If `f' n → g` uniformly on `[a, b]` and `f n x → lim x` pointwise on `[a, b]`, then the
limit function `lim` is differentiable on `[a, b]` with derivative `g`, and `g` is continuous on
`[a, b]`. In particular, this shows that the pointwise limit of a sequence of continuously
differentiable functions whose derivatives converge uniformly is itself continuously differentiable,
and that differentiation may be interchanged with the limit."
96,"Pointwise convergence of \(f_n(x)\) and \(f_n(a)\), together with uniqueness of limits, yields \(\lim(x)-\lim(a)=\int_a^x g(t)\,dt\) for every \(x\in[a,b]\).",atlas.real_analysis.432e8639d4c7,uniform_limit_derivative,4,external/atlas-lean/Atlas/RealAnalysis/code/FunctionSequences/InterchangeLimits.lean,"theorem uniform_limit_derivative {f : ℕ → ℝ → ℝ} {g : ℝ → ℝ} {f' : ℕ → ℝ → ℝ}
    {lim : ℝ → ℝ} {a b : ℝ} (hab : a < b)
    (hderiv : ∀ n, ∀ x ∈ Icc a b, HasDerivAt (f n) (f' n x) x)
    (hf'_cont : ∀ n, ContinuousOn (f' n) (Icc a b))
    (hf'_unif : TendstoUniformlyOn f' g atTop (Icc a b))
    (hfg : ∀ x ∈ Icc a b, Tendsto (fun n => f n x) atTop (nhds (lim x))) :
    (∀ x ∈ Icc a b, HasDerivWithinAt lim (g x) (Icc a b) x) ∧ ContinuousOn g (Icc a b)","*Interchange of limits and derivatives.** Let `f n : ℝ → ℝ` be a sequence of functions on
`[a, b]` such that each `f n` is differentiable on `[a, b]` with derivative `f' n` continuous on
`[a, b]`. If `f' n → g` uniformly on `[a, b]` and `f n x → lim x` pointwise on `[a, b]`, then the
limit function `lim` is differentiable on `[a, b]` with derivative `g`, and `g` is continuous on
`[a, b]`. In particular, this shows that the pointwise limit of a sequence of continuously
differentiable functions whose derivatives converge uniformly is itself continuously differentiable,
and that differentiation may be interchanged with the limit."
97,"Rewriting \(\lim(u)=\lim(a)+\int_a^u g(t)\,dt\) on \([a,b]\) and applying the fundamental theorem of calculus to the continuous function \(g\) proves that \(\lim\) has within-derivative \(g(x)\) at every \(x\in[a,b]\).",atlas.real_analysis.432e8639d4c7,uniform_limit_derivative,5,external/atlas-lean/Atlas/RealAnalysis/code/FunctionSequences/InterchangeLimits.lean,"theorem uniform_limit_derivative {f : ℕ → ℝ → ℝ} {g : ℝ → ℝ} {f' : ℕ → ℝ → ℝ}
    {lim : ℝ → ℝ} {a b : ℝ} (hab : a < b)
    (hderiv : ∀ n, ∀ x ∈ Icc a b, HasDerivAt (f n) (f' n x) x)
    (hf'_cont : ∀ n, ContinuousOn (f' n) (Icc a b))
    (hf'_unif : TendstoUniformlyOn f' g atTop (Icc a b))
    (hfg : ∀ x ∈ Icc a b, Tendsto (fun n => f n x) atTop (nhds (lim x))) :
    (∀ x ∈ Icc a b, HasDerivWithinAt lim (g x) (Icc a b) x) ∧ ContinuousOn g (Icc a b)","*Interchange of limits and derivatives.** Let `f n : ℝ → ℝ` be a sequence of functions on
`[a, b]` such that each `f n` is differentiable on `[a, b]` with derivative `f' n` continuous on
`[a, b]`. If `f' n → g` uniformly on `[a, b]` and `f n x → lim x` pointwise on `[a, b]`, then the
limit function `lim` is differentiable on `[a, b]` with derivative `g`, and `g` is continuous on
`[a, b]`. In particular, this shows that the pointwise limit of a sequence of continuously
differentiable functions whose derivatives converge uniformly is itself continuously differentiable,
and that differentiation may be interchanged with the limit."
98,Unfold the Cauchy–Hadamard definition so the desired equality reduces to comparing the limsups of the \(n\)-th-root norm sequences.,atlas.real_analysis.428609544e94,radiusOfConvergence_eq_formalRadius,1,external/atlas-lean/Atlas/RealAnalysis/code/FunctionSequences/PowerSeries.lean,"theorem radiusOfConvergence_eq_formalRadius (a : ℕ → ℝ) :
    radiusOfConvergence a = (FormalMultilinearSeries.ofScalars ℝ a).radius","The Cauchy–Hadamard radius of convergence of a scalar power series with coefficients `a`
agrees with the radius of the associated formal multilinear series
`FormalMultilinearSeries.ofScalars ℝ a` from Mathlib."
99,"Show termwise that the associated formal coefficient has the same norm as \(a_n\), using that it is \(a_n\) times the canonical multilinear multiplication map and that this map has norm \(1\).",atlas.real_analysis.428609544e94,radiusOfConvergence_eq_formalRadius,2,external/atlas-lean/Atlas/RealAnalysis/code/FunctionSequences/PowerSeries.lean,"theorem radiusOfConvergence_eq_formalRadius (a : ℕ → ℝ) :
    radiusOfConvergence a = (FormalMultilinearSeries.ofScalars ℝ a).radius","The Cauchy–Hadamard radius of convergence of a scalar power series with coefficients `a`
agrees with the radius of the associated formal multilinear series
`FormalMultilinearSeries.ofScalars ℝ a` from Mathlib."
100,Replace the scalar norm sequence by the identical formal-series norm sequence and apply the theorem identifying its limsup with the inverse of the formal radius.,atlas.real_analysis.428609544e94,radiusOfConvergence_eq_formalRadius,3,external/atlas-lean/Atlas/RealAnalysis/code/FunctionSequences/PowerSeries.lean,"theorem radiusOfConvergence_eq_formalRadius (a : ℕ → ℝ) :
    radiusOfConvergence a = (FormalMultilinearSeries.ofScalars ℝ a).radius","The Cauchy–Hadamard radius of convergence of a scalar power series with coefficients `a`
agrees with the radius of the associated formal multilinear series
`FormalMultilinearSeries.ofScalars ℝ a` from Mathlib."
101,"Conclude by using involutivity of inversion in the extended nonnegative reals, which remains valid at \(0\) and \(+\infty\).",atlas.real_analysis.428609544e94,radiusOfConvergence_eq_formalRadius,4,external/atlas-lean/Atlas/RealAnalysis/code/FunctionSequences/PowerSeries.lean,"theorem radiusOfConvergence_eq_formalRadius (a : ℕ → ℝ) :
    radiusOfConvergence a = (FormalMultilinearSeries.ofScalars ℝ a).radius","The Cauchy–Hadamard radius of convergence of a scalar power series with coefficients `a`
agrees with the radius of the associated formal multilinear series
`FormalMultilinearSeries.ofScalars ℝ a` from Mathlib."
102,"Summability implies \(f(n)\to 0\), so with \(\varepsilon=1\) there is an \(N\) such that \(|f(n)|<1\) for every \(n\ge N\).",atlas.real_analysis.b2be3ed6ab4f,summable_abs_bounded,1,external/atlas-lean/Atlas/RealAnalysis/code/FunctionSequences/PowerSeries.lean,"lemma summable_abs_bounded (f : ℕ → ℝ) (hf : Summable f) : ∃ C, ∀ n, |f n| ≤ C","The absolute values of the terms of a summable real sequence are uniformly bounded:
if `f : ℕ → ℝ` is summable, then there exists a constant `C` with `|f n| ≤ C` for all `n`."
103,"Choose \(C=\sum_{i<N}|f(i)|+1\), which simultaneously dominates the finitely many initial terms and the uniformly small tail.",atlas.real_analysis.b2be3ed6ab4f,summable_abs_bounded,2,external/atlas-lean/Atlas/RealAnalysis/code/FunctionSequences/PowerSeries.lean,"lemma summable_abs_bounded (f : ℕ → ℝ) (hf : Summable f) : ∃ C, ∀ n, |f n| ≤ C","The absolute values of the terms of a summable real sequence are uniformly bounded:
if `f : ℕ → ℝ` is summable, then there exists a constant `C` with `|f n| ≤ C` for all `n`."
104,"Split into \(n\ge N\), where \(|f(n)|<1\le C\), and \(n<N\), where \(|f(n)|\) is a nonnegative summand of the finite sum defining \(C\).",atlas.real_analysis.b2be3ed6ab4f,summable_abs_bounded,3,external/atlas-lean/Atlas/RealAnalysis/code/FunctionSequences/PowerSeries.lean,"lemma summable_abs_bounded (f : ℕ → ℝ) (hf : Summable f) : ∃ C, ∀ n, |f n| ≤ C","The absolute values of the terms of a summable real sequence are uniformly bounded:
if `f : ℕ → ℝ` is summable, then there exists a constant `C` with `|f n| ≤ C` for all `n`."
105,Rewrite `radiusOfConvergence a` as the formal radius of the multilinear series obtained from the scalar coefficients \(a_n\).,atlas.real_analysis.9ed4bfbab8c0,le_radiusOfConvergence_of_bound,1,external/atlas-lean/Atlas/RealAnalysis/code/FunctionSequences/PowerSeries.lean,"theorem le_radiusOfConvergence_of_bound (a : ℕ → ℝ) (r : NNReal) (C : ℝ)
    (h : ∀ n, |a n| * (r : ℝ) ^ n ≤ C) :
    (r : ENNReal) ≤ radiusOfConvergence a","Comparison criterion for the radius of convergence: if the sequence
`|aₙ| · rⁿ` is uniformly bounded by some constant `C`, then `r` lies inside the
disk of convergence, i.e. `r ≤ radiusOfConvergence a`."
106,"Apply the general comparison theorem `FormalMultilinearSeries.le_radius_of_bound`, which turns a uniform bound on the weighted coefficient norms into the desired lower bound on the radius.",atlas.real_analysis.9ed4bfbab8c0,le_radiusOfConvergence_of_bound,2,external/atlas-lean/Atlas/RealAnalysis/code/FunctionSequences/PowerSeries.lean,"theorem le_radiusOfConvergence_of_bound (a : ℕ → ℝ) (r : NNReal) (C : ℝ)
    (h : ∀ n, |a n| * (r : ℝ) ^ n ≤ C) :
    (r : ENNReal) ≤ radiusOfConvergence a","Comparison criterion for the radius of convergence: if the sequence
`|aₙ| · rⁿ` is uniformly bounded by some constant `C`, then `r` lies inside the
disk of convergence, i.e. `r ≤ radiusOfConvergence a`."
107,"Reduce the multilinear-series norm condition to the scalar inequality \(|a_n|\,r^n \le C\) by identifying the norm of scalar multiplication by \(a_n\) with \(|a_n|\), exactly matching the hypothesis.",atlas.real_analysis.9ed4bfbab8c0,le_radiusOfConvergence_of_bound,3,external/atlas-lean/Atlas/RealAnalysis/code/FunctionSequences/PowerSeries.lean,"theorem le_radiusOfConvergence_of_bound (a : ℕ → ℝ) (r : NNReal) (C : ℝ)
    (h : ∀ n, |a n| * (r : ℝ) ^ n ≤ C) :
    (r : ENNReal) ≤ radiusOfConvergence a","Comparison criterion for the radius of convergence: if the sequence
`|aₙ| · rⁿ` is uniformly bounded by some constant `C`, then `r` lies inside the
disk of convergence, i.e. `r ≤ radiusOfConvergence a`."
108,"Rewrite the scalar radius of convergence as the formal radius of the associated formal multilinear series, turning the hypothesis into the form required by the general convergence theorem.",atlas.real_analysis.595aa10aa1dd,summable_abs_mul_pow_of_lt_radius,1,external/atlas-lean/Atlas/RealAnalysis/code/FunctionSequences/PowerSeries.lean,"lemma summable_abs_mul_pow_of_lt_radius (a : ℕ → ℝ) (r : NNReal)
    (hr : (r : ENNReal) < radiusOfConvergence a) :
    Summable (fun n => |a n| * (r : ℝ) ^ n)","Absolute convergence inside the radius of convergence: for any `r < radiusOfConvergence a`,
the series `∑ₙ |aₙ| · rⁿ` is summable."
109,Apply `FormalMultilinearSeries.summable_norm_mul_pow` to deduce summability of the norm-weighted terms at every radius strictly inside the formal radius.,atlas.real_analysis.595aa10aa1dd,summable_abs_mul_pow_of_lt_radius,2,external/atlas-lean/Atlas/RealAnalysis/code/FunctionSequences/PowerSeries.lean,"lemma summable_abs_mul_pow_of_lt_radius (a : ℕ → ℝ) (r : NNReal)
    (hr : (r : ENNReal) < radiusOfConvergence a) :
    Summable (fun n => |a n| * (r : ℝ) ^ n)","Absolute convergence inside the radius of convergence: for any `r < radiusOfConvergence a`,
the series `∑ₙ |aₙ| · rⁿ` is summable."
110,"Compute that the norm of the \(n\)-th multilinear coefficient obtained from \(a_n\) is exactly \(|a_n|\), since the canonical multiplication map has norm \(1\), thereby identifying the general summable series with \(\sum_n |a_n|r^n\).",atlas.real_analysis.595aa10aa1dd,summable_abs_mul_pow_of_lt_radius,3,external/atlas-lean/Atlas/RealAnalysis/code/FunctionSequences/PowerSeries.lean,"lemma summable_abs_mul_pow_of_lt_radius (a : ℕ → ℝ) (r : NNReal)
    (hr : (r : ENNReal) < radiusOfConvergence a) :
    Summable (fun n => |a n| * (r : ℝ) ^ n)","Absolute convergence inside the radius of convergence: for any `r < radiusOfConvergence a`,
the series `∑ₙ |aₙ| · rⁿ` is summable."
111,Convert the positive real radius \(r\) to a nonnegative real and use \(r<\operatorname{radiusOfConvergence}(a)\) to obtain summability of the majorant series \(\sum_j |a_j|r^j\).,atlas.real_analysis.aa965d6636bc,power_series_uniform_convergence,1,external/atlas-lean/Atlas/RealAnalysis/code/FunctionSequences/PowerSeries.lean,"theorem power_series_uniform_convergence (a : ℕ → ℝ) (x₀ : ℝ) (r : ℝ) (hr : 0 < r)
    (hr_lt : ENNReal.ofReal r < radiusOfConvergence a) :
    TendstoUniformlyOn (fun n x => ∑ j ∈ Finset.range n, a j * (x - x₀) ^ j)
      (fun x => ∑' j, a j * (x - x₀) ^ j) Filter.atTop (Set.Icc (x₀ - r) (x₀ + r))","Uniform convergence of a power series on closed sub-intervals of its disk of convergence:
if `∑ aⱼ (x - x₀)^j` has radius of convergence `ρ ∈ (0, ∞]`, then for every `r ∈ (0, ρ)` the
partial sums converge uniformly on `[x₀ - r, x₀ + r]` to the sum `∑' j, aⱼ (x - x₀)^j`."
112,"For every \(x\in[x_0-r,x_0+r]\), derive the crucial uniform bound \(|x-x_0|\le r\), hence \(\lVert a_j(x-x_0)^j\rVert\le |a_j|r^j\) for every \(j\).",atlas.real_analysis.aa965d6636bc,power_series_uniform_convergence,2,external/atlas-lean/Atlas/RealAnalysis/code/FunctionSequences/PowerSeries.lean,"theorem power_series_uniform_convergence (a : ℕ → ℝ) (x₀ : ℝ) (r : ℝ) (hr : 0 < r)
    (hr_lt : ENNReal.ofReal r < radiusOfConvergence a) :
    TendstoUniformlyOn (fun n x => ∑ j ∈ Finset.range n, a j * (x - x₀) ^ j)
      (fun x => ∑' j, a j * (x - x₀) ^ j) Filter.atTop (Set.Icc (x₀ - r) (x₀ + r))","Uniform convergence of a power series on closed sub-intervals of its disk of convergence:
if `∑ aⱼ (x - x₀)^j` has radius of convergence `ρ ∈ (0, ∞]`, then for every `r ∈ (0, ρ)` the
partial sums converge uniformly on `[x₀ - r, x₀ + r]` to the sum `∑' j, aⱼ (x - x₀)^j`."
113,"Apply the Weierstrass \(M\)-test (`tendstoUniformlyOn_tsum_nat`) with this summable, \(x\)-independent majorant to conclude uniform convergence of the partial sums to the pointwise infinite sum on the closed interval.",atlas.real_analysis.aa965d6636bc,power_series_uniform_convergence,3,external/atlas-lean/Atlas/RealAnalysis/code/FunctionSequences/PowerSeries.lean,"theorem power_series_uniform_convergence (a : ℕ → ℝ) (x₀ : ℝ) (r : ℝ) (hr : 0 < r)
    (hr_lt : ENNReal.ofReal r < radiusOfConvergence a) :
    TendstoUniformlyOn (fun n x => ∑ j ∈ Finset.range n, a j * (x - x₀) ^ j)
      (fun x => ∑' j, a j * (x - x₀) ^ j) Filter.atTop (Set.Icc (x₀ - r) (x₀ + r))","Uniform convergence of a power series on closed sub-intervals of its disk of convergence:
if `∑ aⱼ (x - x₀)^j` has radius of convergence `ρ ∈ (0, ∞]`, then for every `r ∈ (0, ρ)` the
partial sums converge uniformly on `[x₀ - r, x₀ + r]` to the sum `∑' j, aⱼ (x - x₀)^j`."
114,"Apply polynomial density on \([a,b]\) with error \(1/(n+1)\) and choose a polynomial \(P_n\) for each \(n\), producing a sequence whose sup-norm errors tend to zero.",atlas.real_analysis.142948376c58,weierstrass_approximation,1,external/atlas-lean/Atlas/RealAnalysis/code/FunctionSequences/WeierstrassApprox.lean,"theorem weierstrass_approximation {a b : ℝ} (f : C(Set.Icc a b, ℝ)) :
    ∃ P : ℕ → ℝ[X],
      TendstoUniformly (fun n (x : Set.Icc a b) => Polynomial.eval (x : ℝ) (P n)) f atTop","*Weierstrass Approximation Theorem.** Every continuous real-valued function
`f` on a closed interval `[a, b]` is the uniform limit of a sequence of
polynomials: there exists `P : ℕ → ℝ[X]` such that `Polynomial.eval x (P n)`
converges to `f x` uniformly in `x ∈ [a, b]` as `n → ∞`."
115,"Convert each sup-norm estimate into the simultaneous pointwise bound \(|P_n(x)-f(x)|\le \|P_n-f\|_\infty\) for every \(x\in[a,b]\).",atlas.real_analysis.142948376c58,weierstrass_approximation,2,external/atlas-lean/Atlas/RealAnalysis/code/FunctionSequences/WeierstrassApprox.lean,"theorem weierstrass_approximation {a b : ℝ} (f : C(Set.Icc a b, ℝ)) :
    ∃ P : ℕ → ℝ[X],
      TendstoUniformly (fun n (x : Set.Icc a b) => Polynomial.eval (x : ℝ) (P n)) f atTop","*Weierstrass Approximation Theorem.** Every continuous real-valued function
`f` on a closed interval `[a, b]` is the uniform limit of a sequence of
polynomials: there exists `P : ℕ → ℝ[X]` such that `Polynomial.eval x (P n)`
converges to `f x` uniformly in `x ∈ [a, b]` as `n → ∞`."
116,"Given \(\varepsilon>0\), use the Archimedean property to choose \(N>1/\varepsilon\), then use monotonicity of reciprocals to obtain \(1/(n+1)\le 1/(N+1)<\varepsilon\) for all \(n\ge N\), with \(N\) independent of \(x\).",atlas.real_analysis.142948376c58,weierstrass_approximation,3,external/atlas-lean/Atlas/RealAnalysis/code/FunctionSequences/WeierstrassApprox.lean,"theorem weierstrass_approximation {a b : ℝ} (f : C(Set.Icc a b, ℝ)) :
    ∃ P : ℕ → ℝ[X],
      TendstoUniformly (fun n (x : Set.Icc a b) => Polynomial.eval (x : ℝ) (P n)) f atTop","*Weierstrass Approximation Theorem.** Every continuous real-valued function
`f` on a closed interval `[a, b]` is the uniform limit of a sequence of
polynomials: there exists `P : ℕ → ℝ[X]` such that `Polynomial.eval x (P n)`
converges to `f x` uniformly in `x ∈ [a, b]` as `n → ∞`."
117,Negating \(0<P.n\) and using that \(P.n\) is a natural number forces \(P.n=0\).,atlas.real_analysis.c597391f0971,Partition.n_pos_of_lt,1,external/atlas-lean/Atlas/RealAnalysis/code/Integration/Basic.lean,lemma Partition.n_pos_of_lt (hab : a < b) (P : Partition a b) : 0 < P.n,"If `a < b`, then any partition of `[a,b]` has at least one subinterval, i.e.
`0 < P.n`."
118,"When \(P.n=0\), the index type \(\mathrm{Fin}(P.n+1)\) has only one element, so its first and last indices coincide.",atlas.real_analysis.c597391f0971,Partition.n_pos_of_lt,2,external/atlas-lean/Atlas/RealAnalysis/code/Integration/Basic.lean,lemma Partition.n_pos_of_lt (hab : a < b) (P : Partition a b) : 0 < P.n,"If `a < b`, then any partition of `[a,b]` has at least one subinterval, i.e.
`0 < P.n`."
119,"The partition endpoint identities then assign both \(a\) and \(b\) to that same indexed point, yielding \(a=b\), which contradicts \(a<b\).",atlas.real_analysis.c597391f0971,Partition.n_pos_of_lt,3,external/atlas-lean/Atlas/RealAnalysis/code/Integration/Basic.lean,lemma Partition.n_pos_of_lt (hab : a < b) (P : Partition a b) : 0 < P.n,"If `a < b`, then any partition of `[a,b]` has at least one subinterval, i.e.
`0 < P.n`."
120,"Use \(a<b\) to show that the partition has at least one subinterval, so its index type is nonempty and the first subinterval can be selected.",atlas.real_analysis.894a66d13edc,Partition.mesh_pos_of_lt,1,external/atlas-lean/Atlas/RealAnalysis/code/Integration/Basic.lean,"lemma Partition.mesh_pos_of_lt (hab : a < b) (P : Partition a b) :
    0 < P.mesh","If `a < b`, then the mesh of any partition of `[a,b]` is strictly positive."
121,"Apply the strict ordering of partition points to prove that the first subinterval has positive length, \(0<x_1-x_0\).",atlas.real_analysis.894a66d13edc,Partition.mesh_pos_of_lt,2,external/atlas-lean/Atlas/RealAnalysis/code/Integration/Basic.lean,"lemma Partition.mesh_pos_of_lt (hab : a < b) (P : Partition a b) :
    0 < P.mesh","If `a < b`, then the mesh of any partition of `[a,b]` is strictly positive."
122,"Since the mesh is the supremum of all consecutive subinterval lengths, bound it below by the first subinterval’s positive length to conclude \(0<\operatorname{mesh}(P)\).",atlas.real_analysis.894a66d13edc,Partition.mesh_pos_of_lt,3,external/atlas-lean/Atlas/RealAnalysis/code/Integration/Basic.lean,"lemma Partition.mesh_pos_of_lt (hab : a < b) (P : Partition a b) :
    0 < P.mesh","If `a < b`, then the mesh of any partition of `[a,b]` is strictly positive."
123,Unfold `riemannSum` to expose it as a finite sum indexed by `Fin T.n`.,atlas.real_analysis.da9205c07916,riemannSum_eq_zero_of_n_eq_zero,1,external/atlas-lean/Atlas/RealAnalysis/code/Integration/Basic.lean,"lemma riemannSum_eq_zero_of_n_eq_zero (f : ℝ → ℝ) (T : TaggedPartition a b)
    (h : T.n = 0) : riemannSum f T = 0","The Riemann sum over a trivial tagged partition (with `n = 0` subintervals)
is `0`, since it is an empty sum."
124,Rewrite `T.n` using `h : T.n = 0` to show that the index type `Fin T.n` is empty.,atlas.real_analysis.da9205c07916,riemannSum_eq_zero_of_n_eq_zero,2,external/atlas-lean/Atlas/RealAnalysis/code/Integration/Basic.lean,"lemma riemannSum_eq_zero_of_n_eq_zero (f : ℝ → ℝ) (T : TaggedPartition a b)
    (h : T.n = 0) : riemannSum f T = 0","The Riemann sum over a trivial tagged partition (with `n = 0` subintervals)
is `0`, since it is an empty sum."
125,Apply `Fintype.sum_empty` to conclude that the sum over this empty index type equals `0`.,atlas.real_analysis.da9205c07916,riemannSum_eq_zero_of_n_eq_zero,3,external/atlas-lean/Atlas/RealAnalysis/code/Integration/Basic.lean,"lemma riemannSum_eq_zero_of_n_eq_zero (f : ℝ → ℝ) (T : TaggedPartition a b)
    (h : T.n = 0) : riemannSum f T = 0","The Riemann sum over a trivial tagged partition (with `n = 0` subintervals)
is `0`, since it is an empty sum."
126,"Extend the continuous function \(f\) from the closed interval \([a,b]\) to a globally continuous function \(g:\mathbb R\to\mathbb R\), allowing the use of the global differentiation theorem for parameterized integrals.",atlas.real_analysis.00c3d0e4b511,fundamental_theorem_of_calculus,1,external/atlas-lean/Atlas/RealAnalysis/code/Integration/FTC.lean,"theorem fundamental_theorem_of_calculus (f : ℝ → ℝ) (a b : ℝ) (hab : a ≤ b)
    (hf : ContinuousOn f (Set.Icc a b)) :
    (∀ F : ℝ → ℝ, (∀ x ∈ Set.Icc a b, HasDerivAt F (f x) x) →
      ∫ x in a..b, f x = F b - F a) ∧
    (∀ x ∈ Set.Icc a b, HasDerivWithinAt (fun t => ∫ u in a..t, f u) (f x) (Set.Icc a b) x)","*Fundamental Theorem of Calculus.** Let `f ∈ C([a,b])`. Then:
(1) (Evaluation form) For every differentiable `F : ℝ → ℝ` with `F' = f` on `[a,b]`,
`∫_a^b f = F(b) - F(a)`.
(2) (Antiderivative form) The function `G(x) := ∫_a^x f` is differentiable on `[a,b]`
with derivative `G'(x) = f(x)` at every point `x ∈ [a,b]`."
127,"For the evaluation form, rewrite the unordered interval as \([a,b]\) using \(a\le b\), obtain interval integrability from continuity, and apply the integral-equals-endpoint-difference theorem to the assumed derivative of \(F\).",atlas.real_analysis.00c3d0e4b511,fundamental_theorem_of_calculus,2,external/atlas-lean/Atlas/RealAnalysis/code/Integration/FTC.lean,"theorem fundamental_theorem_of_calculus (f : ℝ → ℝ) (a b : ℝ) (hab : a ≤ b)
    (hf : ContinuousOn f (Set.Icc a b)) :
    (∀ F : ℝ → ℝ, (∀ x ∈ Set.Icc a b, HasDerivAt F (f x) x) →
      ∫ x in a..b, f x = F b - F a) ∧
    (∀ x ∈ Set.Icc a b, HasDerivWithinAt (fun t => ∫ u in a..t, f u) (f x) (Set.Icc a b) x)","*Fundamental Theorem of Calculus.** Let `f ∈ C([a,b])`. Then:
(1) (Evaluation form) For every differentiable `F : ℝ → ℝ` with `F' = f` on `[a,b]`,
`∫_a^b f = F(b) - F(a)`.
(2) (Antiderivative form) The function `G(x) := ∫_a^x f` is differentiable on `[a,b]`
with derivative `G'(x) = f(x)` at every point `x ∈ [a,b]`."
128,"Apply the fundamental derivative theorem to \(t\mapsto\int_a^t g(u)\,du\), then replace \(g(x)\) by \(f(x)\) at each \(x\in[a,b]\).",atlas.real_analysis.00c3d0e4b511,fundamental_theorem_of_calculus,3,external/atlas-lean/Atlas/RealAnalysis/code/Integration/FTC.lean,"theorem fundamental_theorem_of_calculus (f : ℝ → ℝ) (a b : ℝ) (hab : a ≤ b)
    (hf : ContinuousOn f (Set.Icc a b)) :
    (∀ F : ℝ → ℝ, (∀ x ∈ Set.Icc a b, HasDerivAt F (f x) x) →
      ∫ x in a..b, f x = F b - F a) ∧
    (∀ x ∈ Set.Icc a b, HasDerivWithinAt (fun t => ∫ u in a..t, f u) (f x) (Set.Icc a b) x)","*Fundamental Theorem of Calculus.** Let `f ∈ C([a,b])`. Then:
(1) (Evaluation form) For every differentiable `F : ℝ → ℝ` with `F' = f` on `[a,b]`,
`∫_a^b f = F(b) - F(a)`.
(2) (Antiderivative form) The function `G(x) := ∫_a^x f` is differentiable on `[a,b]`
with derivative `G'(x) = f(x)` at every point `x ∈ [a,b]`."
129,"Show that \(\int_a^t f=\int_a^t g\) for every \(t\in[a,b]\), since the whole integration interval lies in \([a,b]\), and transfer the derivative to the original integral function via equality on the within-domain.",atlas.real_analysis.00c3d0e4b511,fundamental_theorem_of_calculus,4,external/atlas-lean/Atlas/RealAnalysis/code/Integration/FTC.lean,"theorem fundamental_theorem_of_calculus (f : ℝ → ℝ) (a b : ℝ) (hab : a ≤ b)
    (hf : ContinuousOn f (Set.Icc a b)) :
    (∀ F : ℝ → ℝ, (∀ x ∈ Set.Icc a b, HasDerivAt F (f x) x) →
      ∫ x in a..b, f x = F b - F a) ∧
    (∀ x ∈ Set.Icc a b, HasDerivWithinAt (fun t => ∫ u in a..t, f u) (f x) (Set.Icc a b) x)","*Fundamental Theorem of Calculus.** Let `f ∈ C([a,b])`. Then:
(1) (Evaluation form) For every differentiable `F : ℝ → ℝ` with `F' = f` on `[a,b]`,
`∫_a^b f = F(b) - F(a)`.
(2) (Antiderivative form) The function `G(x) := ∫_a^x f` is differentiable on `[a,b]`
with derivative `G'(x) = f(x)` at every point `x ∈ [a,b]`."
130,"Split off the degenerate case \(a=b\), where both interval integrals vanish and the boundary terms cancel.",atlas.real_analysis.642513f3f600,integration_by_parts,1,external/atlas-lean/Atlas/RealAnalysis/code/Integration/FTC.lean,"theorem integration_by_parts (f g : ℝ → ℝ) (a b : ℝ) (hab : a ≤ b)
    (hf : ContDiffOn ℝ 1 f (Set.Icc a b))
    (hg : ContDiffOn ℝ 1 g (Set.Icc a b)) :
    ∫ x in a..b, deriv f x * g x =
      f b * g b - f a * g a - ∫ x in a..b, f x * deriv g x","*Integration by Parts.** If `f, g : ℝ → ℝ` are continuously differentiable on `[a,b]`
(i.e. `f, g ∈ C¹([a,b])`), then
`∫_a^b f'(x) g(x) dx = f(b) g(b) - f(a) g(a) - ∫_a^b f(x) g'(x) dx`."
131,"Use the \(C^{1}\) hypotheses to obtain continuity on \([a,b]\) and ordinary differentiability at every interior point.",atlas.real_analysis.642513f3f600,integration_by_parts,2,external/atlas-lean/Atlas/RealAnalysis/code/Integration/FTC.lean,"theorem integration_by_parts (f g : ℝ → ℝ) (a b : ℝ) (hab : a ≤ b)
    (hf : ContDiffOn ℝ 1 f (Set.Icc a b))
    (hg : ContDiffOn ℝ 1 g (Set.Icc a b)) :
    ∫ x in a..b, deriv f x * g x =
      f b * g b - f a * g a - ∫ x in a..b, f x * deriv g x","*Integration by Parts.** If `f, g : ℝ → ℝ` are continuously differentiable on `[a,b]`
(i.e. `f, g ∈ C¹([a,b])`), then
`∫_a^b f'(x) g(x) dx = f(b) g(b) - f(a) g(a) - ∫_a^b f(x) g'(x) dx`."
132,"Prove integrability of the ordinary derivatives by first using continuity of the relative derivatives on \([a,b]\), then transferring integrability via their almost-everywhere agreement on the interior, since endpoint discrepancies are negligible.",atlas.real_analysis.642513f3f600,integration_by_parts,3,external/atlas-lean/Atlas/RealAnalysis/code/Integration/FTC.lean,"theorem integration_by_parts (f g : ℝ → ℝ) (a b : ℝ) (hab : a ≤ b)
    (hf : ContDiffOn ℝ 1 f (Set.Icc a b))
    (hg : ContDiffOn ℝ 1 g (Set.Icc a b)) :
    ∫ x in a..b, deriv f x * g x =
      f b * g b - f a * g a - ∫ x in a..b, f x * deriv g x","*Integration by Parts.** If `f, g : ℝ → ℝ` are continuously differentiable on `[a,b]`
(i.e. `f, g ∈ C¹([a,b])`), then
`∫_a^b f'(x) g(x) dx = f(b) g(b) - f(a) g(a) - ∫_a^b f(x) g'(x) dx`."
133,"Apply the library integration-by-parts theorem with the factors ordered as \(g\) and \(f\), using the established continuity, derivative, and integrability conditions.",atlas.real_analysis.642513f3f600,integration_by_parts,4,external/atlas-lean/Atlas/RealAnalysis/code/Integration/FTC.lean,"theorem integration_by_parts (f g : ℝ → ℝ) (a b : ℝ) (hab : a ≤ b)
    (hf : ContDiffOn ℝ 1 f (Set.Icc a b))
    (hg : ContDiffOn ℝ 1 g (Set.Icc a b)) :
    ∫ x in a..b, deriv f x * g x =
      f b * g b - f a * g a - ∫ x in a..b, f x * deriv g x","*Integration by Parts.** If `f, g : ℝ → ℝ` are continuously differentiable on `[a,b]`
(i.e. `f, g ∈ C¹([a,b])`), then
`∫_a^b f'(x) g(x) dx = f(b) g(b) - f(a) g(a) - ∫_a^b f(x) g'(x) dx`."
134,Use commutativity of multiplication to rewrite the resulting identity into the exact order of factors required by the goal.,atlas.real_analysis.642513f3f600,integration_by_parts,5,external/atlas-lean/Atlas/RealAnalysis/code/Integration/FTC.lean,"theorem integration_by_parts (f g : ℝ → ℝ) (a b : ℝ) (hab : a ≤ b)
    (hf : ContDiffOn ℝ 1 f (Set.Icc a b))
    (hg : ContDiffOn ℝ 1 g (Set.Icc a b)) :
    ∫ x in a..b, deriv f x * g x =
      f b * g b - f a * g a - ∫ x in a..b, f x * deriv g x","*Integration by Parts.** If `f, g : ℝ → ℝ` are continuously differentiable on `[a,b]`
(i.e. `f, g ∈ C¹([a,b])`), then
`∫_a^b f'(x) g(x) dx = f(b) g(b) - f(a) g(a) - ∫_a^b f(x) g'(x) dx`."
135,"Split off the degenerate case \(a=b\), where both interval integrals vanish, so that the main argument may assume \(a<b\).",atlas.real_analysis.adcfa67f5b78,change_of_variables,1,external/atlas-lean/Atlas/RealAnalysis/code/Integration/FTC.lean,"theorem change_of_variables (f : ℝ → ℝ) (φ : ℝ → ℝ) (a b : ℝ) (hab : a ≤ b)
    (hφ : ContDiffOn ℝ 1 φ (Set.Icc a b))
    (hφ_pos : ∀ x ∈ Set.Icc a b, 0 < deriv φ x)
    (hf : ContinuousOn f (Set.Icc (φ a) (φ b))) :
    ∫ u in (φ a)..(φ b), f u = ∫ x in a..b, f (φ x) * deriv φ x","*Change of Variables.** Let `φ : ℝ → ℝ` be continuously differentiable on `[a,b]` with
`φ' > 0` everywhere on `[a,b]`, and let `f` be continuous on `[φ(a), φ(b)]`. Then
`∫_{φ(a)}^{φ(b)} f(u) du = ∫_a^b f(φ(x)) · φ'(x) dx`."
136,"Use the positivity of \(\operatorname{deriv}\phi\) to obtain nonvanishing derivatives and hence pointwise differentiability of \(\phi\) on \([a,b]\).",atlas.real_analysis.adcfa67f5b78,change_of_variables,2,external/atlas-lean/Atlas/RealAnalysis/code/Integration/FTC.lean,"theorem change_of_variables (f : ℝ → ℝ) (φ : ℝ → ℝ) (a b : ℝ) (hab : a ≤ b)
    (hφ : ContDiffOn ℝ 1 φ (Set.Icc a b))
    (hφ_pos : ∀ x ∈ Set.Icc a b, 0 < deriv φ x)
    (hf : ContinuousOn f (Set.Icc (φ a) (φ b))) :
    ∫ u in (φ a)..(φ b), f u = ∫ x in a..b, f (φ x) * deriv φ x","*Change of Variables.** Let `φ : ℝ → ℝ` be continuously differentiable on `[a,b]` with
`φ' > 0` everywhere on `[a,b]`, and let `f` be continuous on `[φ(a), φ(b)]`. Then
`∫_{φ(a)}^{φ(b)} f(u) du = ∫_a^b f(φ(x)) · φ'(x) dx`."
137,"Convert the \(C^1\) continuity of the relative derivative into continuity of the ordinary derivative on \([a,b]\), using the unique-differentiability property of a nondegenerate closed interval.",atlas.real_analysis.adcfa67f5b78,change_of_variables,3,external/atlas-lean/Atlas/RealAnalysis/code/Integration/FTC.lean,"theorem change_of_variables (f : ℝ → ℝ) (φ : ℝ → ℝ) (a b : ℝ) (hab : a ≤ b)
    (hφ : ContDiffOn ℝ 1 φ (Set.Icc a b))
    (hφ_pos : ∀ x ∈ Set.Icc a b, 0 < deriv φ x)
    (hf : ContinuousOn f (Set.Icc (φ a) (φ b))) :
    ∫ u in (φ a)..(φ b), f u = ∫ x in a..b, f (φ x) * deriv φ x","*Change of Variables.** Let `φ : ℝ → ℝ` be continuously differentiable on `[a,b]` with
`φ' > 0` everywhere on `[a,b]`, and let `f` be continuous on `[φ(a), φ(b)]`. Then
`∫_{φ(a)}^{φ(b)} f(u) du = ∫_a^b f(φ(x)) · φ'(x) dx`."
138,"Apply the positive-derivative criterion to prove that \(\phi\) is strictly increasing on \([a,b]\), and therefore that \(\phi([a,b])\subseteq[\phi(a),\phi(b)]\).",atlas.real_analysis.adcfa67f5b78,change_of_variables,4,external/atlas-lean/Atlas/RealAnalysis/code/Integration/FTC.lean,"theorem change_of_variables (f : ℝ → ℝ) (φ : ℝ → ℝ) (a b : ℝ) (hab : a ≤ b)
    (hφ : ContDiffOn ℝ 1 φ (Set.Icc a b))
    (hφ_pos : ∀ x ∈ Set.Icc a b, 0 < deriv φ x)
    (hf : ContinuousOn f (Set.Icc (φ a) (φ b))) :
    ∫ u in (φ a)..(φ b), f u = ∫ x in a..b, f (φ x) * deriv φ x","*Change of Variables.** Let `φ : ℝ → ℝ` be continuously differentiable on `[a,b]` with
`φ' > 0` everywhere on `[a,b]`, and let `f` be continuous on `[φ(a), φ(b)]`. Then
`∫_{φ(a)}^{φ(b)} f(u) du = ∫_a^b f(φ(x)) · φ'(x) dx`."
139,"Restrict the assumed continuity of \(f\) to the image \(\phi([a,b])\), thereby satisfying the continuity hypothesis of the substitution theorem.",atlas.real_analysis.adcfa67f5b78,change_of_variables,5,external/atlas-lean/Atlas/RealAnalysis/code/Integration/FTC.lean,"theorem change_of_variables (f : ℝ → ℝ) (φ : ℝ → ℝ) (a b : ℝ) (hab : a ≤ b)
    (hφ : ContDiffOn ℝ 1 φ (Set.Icc a b))
    (hφ_pos : ∀ x ∈ Set.Icc a b, 0 < deriv φ x)
    (hf : ContinuousOn f (Set.Icc (φ a) (φ b))) :
    ∫ u in (φ a)..(φ b), f u = ∫ x in a..b, f (φ x) * deriv φ x","*Change of Variables.** Let `φ : ℝ → ℝ` be continuously differentiable on `[a,b]` with
`φ' > 0` everywhere on `[a,b]`, and let `f` be continuous on `[φ(a), φ(b)]`. Then
`∫_{φ(a)}^{φ(b)} f(u) du = ∫_a^b f(φ(x)) · φ'(x) dx`."
140,Invoke the standard integral composition-with-derivative theorem and reverse its equality to obtain the desired change-of-variables formula.,atlas.real_analysis.adcfa67f5b78,change_of_variables,6,external/atlas-lean/Atlas/RealAnalysis/code/Integration/FTC.lean,"theorem change_of_variables (f : ℝ → ℝ) (φ : ℝ → ℝ) (a b : ℝ) (hab : a ≤ b)
    (hφ : ContDiffOn ℝ 1 φ (Set.Icc a b))
    (hφ_pos : ∀ x ∈ Set.Icc a b, 0 < deriv φ x)
    (hf : ContinuousOn f (Set.Icc (φ a) (φ b))) :
    ∫ u in (φ a)..(φ b), f u = ∫ x in a..b, f (φ x) * deriv φ x","*Change of Variables.** Let `φ : ℝ → ℝ` be continuously differentiable on `[a,b]` with
`φ' > 0` everywhere on `[a,b]`, and let `f` be continuous on `[φ(a), φ(b)]`. Then
`∫_{φ(a)}^{φ(b)} f(u) du = ∫_a^b f(φ(x)) · φ'(x) dx`."
141,"Convert the continuous differentiability of \(f\) on \([-\pi,\pi]\) into absolute continuity and interval integrability of \(f'\), enabling integration by parts.",atlas.real_analysis.873ed155bc40,riemann_lebesgue,1,external/atlas-lean/Atlas/RealAnalysis/code/Integration/Fourier.lean,"theorem riemann_lebesgue (f : ℝ → ℝ)
    (hf : ContDiffOn ℝ 1 f (Set.Icc (-Real.pi) Real.pi)) :
    Filter.Tendsto (fun n : ℕ => (1/Real.pi) * ∫ x in (-Real.pi)..Real.pi, f x * Real.sin (n * x))
      Filter.atTop (nhds 0) ∧
    Filter.Tendsto (fun n : ℕ => (1/Real.pi) * ∫ x in (-Real.pi)..Real.pi, f x * Real.cos (n * x))
      Filter.atTop (nhds 0)","*Riemann–Lebesgue lemma** (for continuously differentiable functions on `[-π, π]`).

If `f : ℝ → ℝ` is continuously differentiable on `[-π, π]`, then both Fourier-coefficient
integrals tend to zero as `n → ∞`:
- `(1/π) ∫_{-π}^{π} f(x) · sin(n·x) dx → 0`, and
- `(1/π) ∫_{-π}^{π} f(x) · cos(n·x) dx → 0`.

The proof uses integration by parts to express each integral in terms of a bounded
antiderivative of `sin(n·x)` (resp. `cos(n·x)`) of size `O(1/n)`, then squeezes to zero."
142,"For each \(n>0\), choose the scaled antiderivatives \(g_n(x)=-\cos(nx)/n\) for \(\sin(nx)\) and \(g_n(x)=\sin(nx)/n\) for \(\cos(nx)\).",atlas.real_analysis.873ed155bc40,riemann_lebesgue,2,external/atlas-lean/Atlas/RealAnalysis/code/Integration/Fourier.lean,"theorem riemann_lebesgue (f : ℝ → ℝ)
    (hf : ContDiffOn ℝ 1 f (Set.Icc (-Real.pi) Real.pi)) :
    Filter.Tendsto (fun n : ℕ => (1/Real.pi) * ∫ x in (-Real.pi)..Real.pi, f x * Real.sin (n * x))
      Filter.atTop (nhds 0) ∧
    Filter.Tendsto (fun n : ℕ => (1/Real.pi) * ∫ x in (-Real.pi)..Real.pi, f x * Real.cos (n * x))
      Filter.atTop (nhds 0)","*Riemann–Lebesgue lemma** (for continuously differentiable functions on `[-π, π]`).

If `f : ℝ → ℝ` is continuously differentiable on `[-π, π]`, then both Fourier-coefficient
integrals tend to zero as `n → ∞`:
- `(1/π) ∫_{-π}^{π} f(x) · sin(n·x) dx → 0`, and
- `(1/π) ∫_{-π}^{π} f(x) · cos(n·x) dx → 0`.

The proof uses integration by parts to express each integral in terms of a bounded
antiderivative of `sin(n·x)` (resp. `cos(n·x)`) of size `O(1/n)`, then squeezes to zero."
143,Use \(|\sin|\le 1\) and \(|\cos|\le 1\) to obtain the crucial uniform estimate \(\|g_n(x)\|\le 1/n\).,atlas.real_analysis.873ed155bc40,riemann_lebesgue,3,external/atlas-lean/Atlas/RealAnalysis/code/Integration/Fourier.lean,"theorem riemann_lebesgue (f : ℝ → ℝ)
    (hf : ContDiffOn ℝ 1 f (Set.Icc (-Real.pi) Real.pi)) :
    Filter.Tendsto (fun n : ℕ => (1/Real.pi) * ∫ x in (-Real.pi)..Real.pi, f x * Real.sin (n * x))
      Filter.atTop (nhds 0) ∧
    Filter.Tendsto (fun n : ℕ => (1/Real.pi) * ∫ x in (-Real.pi)..Real.pi, f x * Real.cos (n * x))
      Filter.atTop (nhds 0)","*Riemann–Lebesgue lemma** (for continuously differentiable functions on `[-π, π]`).

If `f : ℝ → ℝ` is continuously differentiable on `[-π, π]`, then both Fourier-coefficient
integrals tend to zero as `n → ∞`:
- `(1/π) ∫_{-π}^{π} f(x) · sin(n·x) dx → 0`, and
- `(1/π) ∫_{-π}^{π} f(x) · cos(n·x) dx → 0`.

The proof uses integration by parts to express each integral in terms of a bounded
antiderivative of `sin(n·x)` (resp. `cos(n·x)`) of size `O(1/n)`, then squeezes to zero."
144,Apply integration by parts to replace each oscillatory integral by endpoint terms and an integral of \(f'(x)g_n(x)\).,atlas.real_analysis.873ed155bc40,riemann_lebesgue,4,external/atlas-lean/Atlas/RealAnalysis/code/Integration/Fourier.lean,"theorem riemann_lebesgue (f : ℝ → ℝ)
    (hf : ContDiffOn ℝ 1 f (Set.Icc (-Real.pi) Real.pi)) :
    Filter.Tendsto (fun n : ℕ => (1/Real.pi) * ∫ x in (-Real.pi)..Real.pi, f x * Real.sin (n * x))
      Filter.atTop (nhds 0) ∧
    Filter.Tendsto (fun n : ℕ => (1/Real.pi) * ∫ x in (-Real.pi)..Real.pi, f x * Real.cos (n * x))
      Filter.atTop (nhds 0)","*Riemann–Lebesgue lemma** (for continuously differentiable functions on `[-π, π]`).

If `f : ℝ → ℝ` is continuously differentiable on `[-π, π]`, then both Fourier-coefficient
integrals tend to zero as `n → ∞`:
- `(1/π) ∫_{-π}^{π} f(x) · sin(n·x) dx → 0`, and
- `(1/π) ∫_{-π}^{π} f(x) · cos(n·x) dx → 0`.

The proof uses integration by parts to express each integral in terms of a bounded
antiderivative of `sin(n·x)` (resp. `cos(n·x)`) of size `O(1/n)`, then squeezes to zero."
145,"Bound the resulting expression by \(C/n\), where \(C=\lVert f(\pi)\rVert+\lVert f(-\pi)\rVert+\int_{-\pi}^{\pi}\lVert f'(x)\rVert\,dx\); in the cosine case the endpoint terms vanish because \(\sin(\pm n\pi)=0\).",atlas.real_analysis.873ed155bc40,riemann_lebesgue,5,external/atlas-lean/Atlas/RealAnalysis/code/Integration/Fourier.lean,"theorem riemann_lebesgue (f : ℝ → ℝ)
    (hf : ContDiffOn ℝ 1 f (Set.Icc (-Real.pi) Real.pi)) :
    Filter.Tendsto (fun n : ℕ => (1/Real.pi) * ∫ x in (-Real.pi)..Real.pi, f x * Real.sin (n * x))
      Filter.atTop (nhds 0) ∧
    Filter.Tendsto (fun n : ℕ => (1/Real.pi) * ∫ x in (-Real.pi)..Real.pi, f x * Real.cos (n * x))
      Filter.atTop (nhds 0)","*Riemann–Lebesgue lemma** (for continuously differentiable functions on `[-π, π]`).

If `f : ℝ → ℝ` is continuously differentiable on `[-π, π]`, then both Fourier-coefficient
integrals tend to zero as `n → ∞`:
- `(1/π) ∫_{-π}^{π} f(x) · sin(n·x) dx → 0`, and
- `(1/π) ∫_{-π}^{π} f(x) · cos(n·x) dx → 0`.

The proof uses integration by parts to express each integral in terms of a bounded
antiderivative of `sin(n·x)` (resp. `cos(n·x)`) of size `O(1/n)`, then squeezes to zero."
146,"Since \(C/n\to 0\), squeeze the norms of both integrals to zero and then multiply by the fixed normalization factor \(1/\pi\).",atlas.real_analysis.873ed155bc40,riemann_lebesgue,6,external/atlas-lean/Atlas/RealAnalysis/code/Integration/Fourier.lean,"theorem riemann_lebesgue (f : ℝ → ℝ)
    (hf : ContDiffOn ℝ 1 f (Set.Icc (-Real.pi) Real.pi)) :
    Filter.Tendsto (fun n : ℕ => (1/Real.pi) * ∫ x in (-Real.pi)..Real.pi, f x * Real.sin (n * x))
      Filter.atTop (nhds 0) ∧
    Filter.Tendsto (fun n : ℕ => (1/Real.pi) * ∫ x in (-Real.pi)..Real.pi, f x * Real.cos (n * x))
      Filter.atTop (nhds 0)","*Riemann–Lebesgue lemma** (for continuously differentiable functions on `[-π, π]`).

If `f : ℝ → ℝ` is continuously differentiable on `[-π, π]`, then both Fourier-coefficient
integrals tend to zero as `n → ∞`:
- `(1/π) ∫_{-π}^{π} f(x) · sin(n·x) dx → 0`, and
- `(1/π) ∫_{-π}^{π} f(x) · cos(n·x) dx → 0`.

The proof uses integration by parts to express each integral in terms of a bounded
antiderivative of `sin(n·x)` (resp. `cos(n·x)`) of size `O(1/n)`, then squeezes to zero."
147,"Use Heine–Cantor: continuity of \(f\) on the compact interval \([a,b]\) implies uniform continuity there.",atlas.real_analysis.ddf4500c6302,modulusOfContinuity_tendsto_zero,1,external/atlas-lean/Atlas/RealAnalysis/code/Integration/ModulusContinuity.lean,"theorem modulusOfContinuity_tendsto_zero (f : ℝ → ℝ) (a b : ℝ) (hab : a ≤ b)
    (hf : ContinuousOn f (Icc a b)) :
    Filter.Tendsto (modulusOfContinuity f a b) (𝓝[>] 0) (𝓝 0)","*Theorem I (Modulus of continuity vanishes).** For `f ∈ C([a,b])`,
`lim_{η → 0⁺} w_f(η) = 0`. That is, `∀ ε > 0, ∃ δ > 0, ∀ η < δ : w_f(η) < ε`."
148,"Apply uniform continuity with tolerance \(\varepsilon/2\), so that whenever \(0<\eta<\delta\) and \(|x-y|\le \eta\), one gets \(|f(x)-f(y)|<\varepsilon/2\).",atlas.real_analysis.ddf4500c6302,modulusOfContinuity_tendsto_zero,2,external/atlas-lean/Atlas/RealAnalysis/code/Integration/ModulusContinuity.lean,"theorem modulusOfContinuity_tendsto_zero (f : ℝ → ℝ) (a b : ℝ) (hab : a ≤ b)
    (hf : ContinuousOn f (Icc a b)) :
    Filter.Tendsto (modulusOfContinuity f a b) (𝓝[>] 0) (𝓝 0)","*Theorem I (Modulus of continuity vanishes).** For `f ∈ C([a,b])`,
`lim_{η → 0⁺} w_f(η) = 0`. That is, `∀ ε > 0, ∃ δ > 0, ∀ η < δ : w_f(η) < ε`."
149,Transfer this pointwise bound to the supremum defining \(w_f(\eta)\) by proving every admissible value is at most \(\varepsilon/2\).,atlas.real_analysis.ddf4500c6302,modulusOfContinuity_tendsto_zero,3,external/atlas-lean/Atlas/RealAnalysis/code/Integration/ModulusContinuity.lean,"theorem modulusOfContinuity_tendsto_zero (f : ℝ → ℝ) (a b : ℝ) (hab : a ≤ b)
    (hf : ContinuousOn f (Icc a b)) :
    Filter.Tendsto (modulusOfContinuity f a b) (𝓝[>] 0) (𝓝 0)","*Theorem I (Modulus of continuity vanishes).** For `f ∈ C([a,b])`,
`lim_{η → 0⁺} w_f(η) = 0`. That is, `∀ ε > 0, ∃ δ > 0, ∀ η < δ : w_f(η) < ε`."
150,"Use \(x=y=a\), justified by \(a\le b\), to show the defining set is nonempty and contains \(0\), which both legitimizes the supremum estimates and proves \(w_f(\eta)\ge 0\).",atlas.real_analysis.ddf4500c6302,modulusOfContinuity_tendsto_zero,4,external/atlas-lean/Atlas/RealAnalysis/code/Integration/ModulusContinuity.lean,"theorem modulusOfContinuity_tendsto_zero (f : ℝ → ℝ) (a b : ℝ) (hab : a ≤ b)
    (hf : ContinuousOn f (Icc a b)) :
    Filter.Tendsto (modulusOfContinuity f a b) (𝓝[>] 0) (𝓝 0)","*Theorem I (Modulus of continuity vanishes).** For `f ∈ C([a,b])`,
`lim_{η → 0⁺} w_f(η) = 0`. That is, `∀ ε > 0, ∃ δ > 0, ∀ η < δ : w_f(η) < ε`."
151,"Conclude \(0\le w_f(\eta)\le\varepsilon/2<\varepsilon\), hence \(|w_f(\eta)|<\varepsilon\) for all sufficiently small positive \(\eta\), exactly establishing the right-hand limit at \(0\).",atlas.real_analysis.ddf4500c6302,modulusOfContinuity_tendsto_zero,5,external/atlas-lean/Atlas/RealAnalysis/code/Integration/ModulusContinuity.lean,"theorem modulusOfContinuity_tendsto_zero (f : ℝ → ℝ) (a b : ℝ) (hab : a ≤ b)
    (hf : ContinuousOn f (Icc a b)) :
    Filter.Tendsto (modulusOfContinuity f a b) (𝓝[>] 0) (𝓝 0)","*Theorem I (Modulus of continuity vanishes).** For `f ∈ C([a,b])`,
`lim_{η → 0⁺} w_f(η) = 0`. That is, `∀ ε > 0, ∃ δ > 0, ∀ η < δ : w_f(η) < ε`."
152,"Compactness of \([a,b]\) and continuity of \(f\) provide a uniform constant \(C\) such that \(|f(t)| \le C\) for every \(t \in [a,b]\).",atlas.real_analysis.8ad5bc02848c,modulusOfContinuity_bddAbove,1,external/atlas-lean/Atlas/RealAnalysis/code/Integration/ModulusContinuity.lean,"lemma modulusOfContinuity_bddAbove (f : ℝ → ℝ) (a b η : ℝ)
    (hf : ContinuousOn f (Icc a b)) :
    BddAbove {|f x - f y| | (x ∈ Icc a b) (y ∈ Icc a b) (_ : |x - y| ≤ η)}","The set of values `|f x - f y|` for `x, y ∈ [a,b]` with `|x - y| ≤ η` is
bounded above when `f` is continuous on `[a,b]`."
153,"The triangle inequality gives \(|f(x)-f(y)| \le |f(x)|+|f(y)| \le 2C\), so \(2C\) is a common upper bound for all values in the set.",atlas.real_analysis.8ad5bc02848c,modulusOfContinuity_bddAbove,2,external/atlas-lean/Atlas/RealAnalysis/code/Integration/ModulusContinuity.lean,"lemma modulusOfContinuity_bddAbove (f : ℝ → ℝ) (a b η : ℝ)
    (hf : ContinuousOn f (Icc a b)) :
    BddAbove {|f x - f y| | (x ∈ Icc a b) (y ∈ Icc a b) (_ : |x - y| ≤ η)}","The set of values `|f x - f y|` for `x, y ∈ [a,b]` with `|x - y| ≤ η` is
bounded above when `f` is continuous on `[a,b]`."
154,"The condition \(|x-y|\le\eta\) is irrelevant for boundedness, since the uniform bound applies to every pair \(x,y\in[a,b]\).",atlas.real_analysis.8ad5bc02848c,modulusOfContinuity_bddAbove,3,external/atlas-lean/Atlas/RealAnalysis/code/Integration/ModulusContinuity.lean,"lemma modulusOfContinuity_bddAbove (f : ℝ → ℝ) (a b η : ℝ)
    (hf : ContinuousOn f (Icc a b)) :
    BddAbove {|f x - f y| | (x ∈ Icc a b) (y ∈ Icc a b) (_ : |x - y| ≤ η)}","The set of values `|f x - f y|` for `x, y ∈ [a,b]` with `|x - y| ≤ η` is
bounded above when `f` is continuous on `[a,b]`."
155,"Continuity of \(f\) on the compact interval \([a,b]\) ensures that the set defining the modulus of continuity is bounded above, allowing the supremum bound theorem `le_csSup` to be applied.",atlas.real_analysis.d46bccc7fe78,le_modulusOfContinuity,1,external/atlas-lean/Atlas/RealAnalysis/code/Integration/ModulusContinuity.lean,"lemma le_modulusOfContinuity (f : ℝ → ℝ) {a b : ℝ} (η : ℝ)
    (hf : ContinuousOn f (Icc a b))
    {x : ℝ} (hx : x ∈ Icc a b) {y : ℝ} (hy : y ∈ Icc a b) (hxy : |x - y| ≤ η) :
    |f x - f y| ≤ modulusOfContinuity f a b η","For `x, y ∈ [a,b]` with `|x - y| ≤ η`, the absolute difference `|f x - f y|`
is bounded by the modulus of continuity `w_f(η)`."
156,"The hypotheses \(x,y\in[a,b]\) and \(|x-y|\le\eta\) show that \(|f(x)-f(y)|\) is itself a member of the set whose supremum defines \(\operatorname{modulusOfContinuity}(f,a,b,\eta)\).",atlas.real_analysis.d46bccc7fe78,le_modulusOfContinuity,2,external/atlas-lean/Atlas/RealAnalysis/code/Integration/ModulusContinuity.lean,"lemma le_modulusOfContinuity (f : ℝ → ℝ) {a b : ℝ} (η : ℝ)
    (hf : ContinuousOn f (Icc a b))
    {x : ℝ} (hx : x ∈ Icc a b) {y : ℝ} (hy : y ∈ Icc a b) (hxy : |x - y| ≤ η) :
    |f x - f y| ≤ modulusOfContinuity f a b η","For `x, y ∈ [a,b]` with `|x - y| ≤ η`, the absolute difference `|f x - f y|`
is bounded by the modulus of continuity `w_f(η)`."
157,"Since every element of a bounded-above set is at most its supremum, `le_csSup` immediately yields \(|f(x)-f(y)|\le\operatorname{modulusOfContinuity}(f,a,b,\eta)\).",atlas.real_analysis.d46bccc7fe78,le_modulusOfContinuity,3,external/atlas-lean/Atlas/RealAnalysis/code/Integration/ModulusContinuity.lean,"lemma le_modulusOfContinuity (f : ℝ → ℝ) {a b : ℝ} (η : ℝ)
    (hf : ContinuousOn f (Icc a b))
    {x : ℝ} (hx : x ∈ Icc a b) {y : ℝ} (hy : y ∈ Icc a b) (hxy : |x - y| ≤ η) :
    |f x - f y| ≤ modulusOfContinuity f a b η","For `x, y ∈ [a,b]` with `|x - y| ≤ η`, the absolute difference `|f x - f y|`
is bounded by the modulus of continuity `w_f(η)`."
158,"Use the partition’s ordering property to deduce \(P(\mathrm{castSucc}\,i)\le P(\mathrm{succ}\,i)\) from the canonical index inequality \(\mathrm{castSucc}\,i\le \mathrm{succ}\,i\).",atlas.real_analysis.b0db2bedcea6,Partition.succ_sub_castSucc_nonneg,1,external/atlas-lean/Atlas/RealAnalysis/code/Integration/ModulusContinuity.lean,"lemma Partition.succ_sub_castSucc_nonneg (P : Partition a b) (i : Fin P.n) :
    0 ≤ P.points i.succ - P.points i.castSucc","Each subinterval `[x_i, x_{i+1}]` of a partition has nonnegative length."
159,"Convert this comparison into \(0\le P(\mathrm{succ}\,i)-P(\mathrm{castSucc}\,i)\) using the equivalence \(0\le y-x\iff x\le y\).",atlas.real_analysis.b0db2bedcea6,Partition.succ_sub_castSucc_nonneg,2,external/atlas-lean/Atlas/RealAnalysis/code/Integration/ModulusContinuity.lean,"lemma Partition.succ_sub_castSucc_nonneg (P : Partition a b) (i : Fin P.n) :
    0 ≤ P.points i.succ - P.points i.castSucc","Each subinterval `[x_i, x_{i+1}]` of a partition has nonnegative length."
160,"The existence of \(i : \mathrm{Fin}\,P.n\) forces \(P.n \ne 0\), allowing the degenerate zero branch in the definition of `P.mesh` to be eliminated.",atlas.real_analysis.b636badc9189,Partition.le_mesh,1,external/atlas-lean/Atlas/RealAnalysis/code/Integration/ModulusContinuity.lean,"lemma Partition.le_mesh (P : Partition a b) (i : Fin P.n) :
    P.points i.succ - P.points i.castSucc ≤ P.mesh","Each subinterval length `x_{i+1} - x_i` of a partition is bounded above by
the partition's mesh (i.e., the maximum subinterval length)."
161,"After unfolding the nondegenerate branch, `P.mesh` is the finite supremum of all subinterval lengths indexed by `Fin P.n`.",atlas.real_analysis.b636badc9189,Partition.le_mesh,2,external/atlas-lean/Atlas/RealAnalysis/code/Integration/ModulusContinuity.lean,"lemma Partition.le_mesh (P : Partition a b) (i : Fin P.n) :
    P.points i.succ - P.points i.castSucc ≤ P.mesh","Each subinterval length `x_{i+1} - x_i` of a partition is bounded above by
the partition's mesh (i.e., the maximum subinterval length)."
162,"Since \(i\) belongs to the universal finite index set, `Finset.le_sup'` shows that its subinterval length is bounded above by this supremum.",atlas.real_analysis.b636badc9189,Partition.le_mesh,3,external/atlas-lean/Atlas/RealAnalysis/code/Integration/ModulusContinuity.lean,"lemma Partition.le_mesh (P : Partition a b) (i : Fin P.n) :
    P.points i.succ - P.points i.castSucc ≤ P.mesh","Each subinterval length `x_{i+1} - x_i` of a partition is bounded above by
the partition's mesh (i.e., the maximum subinterval length)."
163,"Extend the finitely indexed partition points to a natural-number sequence \(g\), so the sum can be rewritten in the standard telescoping form \(\sum_{i=0}^{n-1}(g(i+1)-g(i))\).",atlas.real_analysis.026b397b162b,Partition.sum_sub_eq,1,external/atlas-lean/Atlas/RealAnalysis/code/Integration/ModulusContinuity.lean,"lemma Partition.sum_sub_eq (P : Partition a b) :
    ∑ i : Fin P.n, (P.points i.succ - P.points i.castSucc) = b - a","The subinterval lengths of a partition of `[a,b]` telescope to `b - a`:
`∑ᵢ (x_{i+1} - x_i) = b - a`."
164,"Identify the finite-index expressions \(P.\mathrm{points}(i.\mathrm{succ})\) and \(P.\mathrm{points}(i.\mathrm{castSucc})\) with \(g(i+1)\) and \(g(i)\), respectively.",atlas.real_analysis.026b397b162b,Partition.sum_sub_eq,2,external/atlas-lean/Atlas/RealAnalysis/code/Integration/ModulusContinuity.lean,"lemma Partition.sum_sub_eq (P : Partition a b) :
    ∑ i : Fin P.n, (P.points i.succ - P.points i.castSucc) = b - a","The subinterval lengths of a partition of `[a,b]` telescope to `b - a`:
`∑ᵢ (x_{i+1} - x_i) = b - a`."
165,"Apply the telescoping identity \(\sum_{i=0}^{n-1}(g(i+1)-g(i))=g(n)-g(0)\), which cancels all intermediate partition points.",atlas.real_analysis.026b397b162b,Partition.sum_sub_eq,3,external/atlas-lean/Atlas/RealAnalysis/code/Integration/ModulusContinuity.lean,"lemma Partition.sum_sub_eq (P : Partition a b) :
    ∑ i : Fin P.n, (P.points i.succ - P.points i.castSucc) = b - a","The subinterval lengths of a partition of `[a,b]` telescope to `b - a`:
`∑ᵢ (x_{i+1} - x_i) = b - a`."
166,Use the partition endpoint properties \(P.\mathrm{points}(0)=a\) and \(P.\mathrm{points}(\mathrm{last})=b\) to conclude that the remaining difference is \(b-a\).,atlas.real_analysis.026b397b162b,Partition.sum_sub_eq,4,external/atlas-lean/Atlas/RealAnalysis/code/Integration/ModulusContinuity.lean,"lemma Partition.sum_sub_eq (P : Partition a b) :
    ∑ i : Fin P.n, (P.points i.succ - P.points i.castSucc) = b - a","The subinterval lengths of a partition of `[a,b]` telescope to `b - a`:
`∑ᵢ (x_{i+1} - x_i) = b - a`."
167,Use the tagged-partition property \(x_i \le \xi_i \le x_{i+1}\) to bound each tag by the endpoints of its own subinterval.,atlas.real_analysis.afa51cb2adbc,TaggedPartition.tag_mem_Icc,1,external/atlas-lean/Atlas/RealAnalysis/code/Integration/ModulusContinuity.lean,"lemma TaggedPartition.tag_mem_Icc (T : TaggedPartition a b) (hab : a ≤ b) (i : Fin T.n) :
    T.tags i ∈ Icc a b","Every tag `ξ_i` of a tagged partition of `[a,b]` lies in `[a,b]`."
168,"Use monotonicity of the ordered partition points, together with \(0 \le i\) and \(i+1 \le n\), to obtain \(x_0 \le x_i\) and \(x_{i+1} \le x_n\).",atlas.real_analysis.afa51cb2adbc,TaggedPartition.tag_mem_Icc,2,external/atlas-lean/Atlas/RealAnalysis/code/Integration/ModulusContinuity.lean,"lemma TaggedPartition.tag_mem_Icc (T : TaggedPartition a b) (hab : a ≤ b) (i : Fin T.n) :
    T.tags i ∈ Icc a b","Every tag `ξ_i` of a tagged partition of `[a,b]` lies in `[a,b]`."
169,"Substitute the endpoint identities \(x_0=a\) and \(x_n=b\), then combine the inequalities to conclude \(a \le \xi_i \le b\).",atlas.real_analysis.afa51cb2adbc,TaggedPartition.tag_mem_Icc,3,external/atlas-lean/Atlas/RealAnalysis/code/Integration/ModulusContinuity.lean,"lemma TaggedPartition.tag_mem_Icc (T : TaggedPartition a b) (hab : a ≤ b) (i : Fin T.n) :
    T.tags i ∈ Icc a b","Every tag `ξ_i` of a tagged partition of `[a,b]` lies in `[a,b]`."
170,Use the refinement telescoping identity to express each coarse interval length as the sum of the lengths of all fine intervals assigned to it.,atlas.real_analysis.db176b4da708,riemannSum_eq_fiber,1,external/atlas-lean/Atlas/RealAnalysis/code/Integration/ModulusContinuity.lean,"lemma riemannSum_eq_fiber (f : ℝ → ℝ) (T T' : TaggedPartition a b)
    (href : T.IsTaggedRefinement T') :
    riemannSum f T = ∑ j : Fin T'.n,
      f (T.tags (href.assign j)) * (T'.points j.succ - T'.points j.castSucc)","The Riemann sum `S_f(T)` can be rewritten by summing over the refinement `T'`:
each summand uses the tag of `T` at the parent subinterval and the length of the
finer `T'`-subinterval."
171,"Distribute the constant factor \(f(T.\mathrm{tags}_k)\) across each fiber sum, turning every fine interval in that fiber into a Riemann-sum term with the parent tag.",atlas.real_analysis.db176b4da708,riemannSum_eq_fiber,2,external/atlas-lean/Atlas/RealAnalysis/code/Integration/ModulusContinuity.lean,"lemma riemannSum_eq_fiber (f : ℝ → ℝ) (T T' : TaggedPartition a b)
    (href : T.IsTaggedRefinement T') :
    riemannSum f T = ∑ j : Fin T'.n,
      f (T.tags (href.assign j)) * (T'.points j.succ - T'.points j.castSucc)","The Riemann sum `S_f(T)` can be rewritten by summing over the refinement `T'`:
each summand uses the tag of `T` at the parent subinterval and the length of the
finer `T'`-subinterval."
172,"Reindex the resulting double sum fiberwise along `href.assign`, since its fibers partition all fine interval indices.",atlas.real_analysis.db176b4da708,riemannSum_eq_fiber,3,external/atlas-lean/Atlas/RealAnalysis/code/Integration/ModulusContinuity.lean,"lemma riemannSum_eq_fiber (f : ℝ → ℝ) (T T' : TaggedPartition a b)
    (href : T.IsTaggedRefinement T') :
    riemannSum f T = ∑ j : Fin T'.n,
      f (T.tags (href.assign j)) * (T'.points j.succ - T'.points j.castSucc)","The Riemann sum `S_f(T)` can be rewritten by summing over the refinement `T'`:
each summand uses the tag of `T` at the parent subinterval and the length of the
finer `T'`-subinterval."
173,"On each fiber, use the defining equality `href.assign j = k` to replace the coarse index \(k\) by the actual parent index of \(j\).",atlas.real_analysis.db176b4da708,riemannSum_eq_fiber,4,external/atlas-lean/Atlas/RealAnalysis/code/Integration/ModulusContinuity.lean,"lemma riemannSum_eq_fiber (f : ℝ → ℝ) (T T' : TaggedPartition a b)
    (href : T.IsTaggedRefinement T') :
    riemannSum f T = ∑ j : Fin T'.n,
      f (T.tags (href.assign j)) * (T'.points j.succ - T'.points j.castSucc)","The Riemann sum `S_f(T)` can be rewritten by summing over the refinement `T'`:
each summand uses the tag of `T` at the parent subinterval and the length of the
finer `T'`-subinterval."
174,"Regroup the coarse Riemann sum over the fine intervals using the refinement assignment, so both sums are indexed by the intervals of \(T'\).",atlas.real_analysis.bea0ff585f27,riemannSum_sub_le_modulusOfContinuity_mul,1,external/atlas-lean/Atlas/RealAnalysis/code/Integration/ModulusContinuity.lean,"theorem riemannSum_sub_le_modulusOfContinuity_mul
    (f : ℝ → ℝ) (T T' : TaggedPartition a b) (hab : a ≤ b)
    (hf : ContinuousOn f (Icc a b))
    (href : T.IsTaggedRefinement T') :
    |riemannSum f T - riemannSum f T'| ≤
      modulusOfContinuity f a b T.toPartition.mesh * (b - a)","*Theorem II.** If `T'` is a tagged refinement of `T` (i.e. `x ⊂ x'`), then
for `f ∈ C([a,b])`,
`|S_f(T) - S_f(T')| ≤ w_f(‖T‖) · (b - a)`."
175,"Rewrite the difference as a sum of pointwise tag-value differences multiplied by fine interval lengths, then apply the triangle inequality and nonnegativity of those lengths.",atlas.real_analysis.bea0ff585f27,riemannSum_sub_le_modulusOfContinuity_mul,2,external/atlas-lean/Atlas/RealAnalysis/code/Integration/ModulusContinuity.lean,"theorem riemannSum_sub_le_modulusOfContinuity_mul
    (f : ℝ → ℝ) (T T' : TaggedPartition a b) (hab : a ≤ b)
    (hf : ContinuousOn f (Icc a b))
    (href : T.IsTaggedRefinement T') :
    |riemannSum f T - riemannSum f T'| ≤
      modulusOfContinuity f a b T.toPartition.mesh * (b - a)","*Theorem II.** If `T'` is a tagged refinement of `T` (i.e. `x ⊂ x'`), then
for `f ∈ C([a,b])`,
`|S_f(T) - S_f(T')| ≤ w_f(‖T‖) · (b - a)`."
176,"Observe that each fine tag and its assigned coarse tag lie in the same coarse interval, hence their distance is at most that interval’s length and therefore at most the mesh of \(T\).",atlas.real_analysis.bea0ff585f27,riemannSum_sub_le_modulusOfContinuity_mul,3,external/atlas-lean/Atlas/RealAnalysis/code/Integration/ModulusContinuity.lean,"theorem riemannSum_sub_le_modulusOfContinuity_mul
    (f : ℝ → ℝ) (T T' : TaggedPartition a b) (hab : a ≤ b)
    (hf : ContinuousOn f (Icc a b))
    (href : T.IsTaggedRefinement T') :
    |riemannSum f T - riemannSum f T'| ≤
      modulusOfContinuity f a b T.toPartition.mesh * (b - a)","*Theorem II.** If `T'` is a tagged refinement of `T` (i.e. `x ⊂ x'`), then
for `f ∈ C([a,b])`,
`|S_f(T) - S_f(T')| ≤ w_f(‖T‖) · (b - a)`."
177,"Apply the modulus-of-continuity bound on \([a,b]\) to uniformly control every difference \(\lvert f(\xi_{k(j)})-f(\eta_j)\rvert\) by \(\omega_f(\|T\|)\).",atlas.real_analysis.bea0ff585f27,riemannSum_sub_le_modulusOfContinuity_mul,4,external/atlas-lean/Atlas/RealAnalysis/code/Integration/ModulusContinuity.lean,"theorem riemannSum_sub_le_modulusOfContinuity_mul
    (f : ℝ → ℝ) (T T' : TaggedPartition a b) (hab : a ≤ b)
    (hf : ContinuousOn f (Icc a b))
    (href : T.IsTaggedRefinement T') :
    |riemannSum f T - riemannSum f T'| ≤
      modulusOfContinuity f a b T.toPartition.mesh * (b - a)","*Theorem II.** If `T'` is a tagged refinement of `T` (i.e. `x ⊂ x'`), then
for `f ∈ C([a,b])`,
`|S_f(T) - S_f(T')| ≤ w_f(‖T‖) · (b - a)`."
178,"Factor out this uniform bound and use the telescoping identity for the fine partition lengths, whose sum is \(b-a\).",atlas.real_analysis.bea0ff585f27,riemannSum_sub_le_modulusOfContinuity_mul,5,external/atlas-lean/Atlas/RealAnalysis/code/Integration/ModulusContinuity.lean,"theorem riemannSum_sub_le_modulusOfContinuity_mul
    (f : ℝ → ℝ) (T T' : TaggedPartition a b) (hab : a ≤ b)
    (hf : ContinuousOn f (Icc a b))
    (href : T.IsTaggedRefinement T') :
    |riemannSum f T - riemannSum f T'| ≤
      modulusOfContinuity f a b T.toPartition.mesh * (b - a)","*Theorem II.** If `T'` is a tagged refinement of `T` (i.e. `x ⊂ x'`), then
for `f ∈ C([a,b])`,
`|S_f(T) - S_f(T')| ≤ w_f(‖T‖) · (b - a)`."
179,Insert the Riemann sum over the common tagged refinement \(T''\) to decompose \(S_f(T_1)-S_f(T_2)\) into the two refinement differences \(S_f(T_1)-S_f(T'')\) and \(S_f(T'')-S_f(T_2)\).,atlas.real_analysis.8bf505ec59b9,riemannSum_sub_le_modulusOfContinuity_add_mul_of_commonRefinement,1,external/atlas-lean/Atlas/RealAnalysis/code/Integration/ModulusContinuity.lean,"theorem riemannSum_sub_le_modulusOfContinuity_add_mul_of_commonRefinement
    (f : ℝ → ℝ) (T₁ T₂ : TaggedPartition a b) (hab : a ≤ b)
    (hf : ContinuousOn f (Icc a b))
    (T'' : TaggedPartition a b)
    (href₁ : T₁.IsTaggedRefinement T'')
    (href₂ : T₂.IsTaggedRefinement T'') :
    |riemannSum f T₁ - riemannSum f T₂| ≤
      (modulusOfContinuity f a b T₁.toPartition.mesh +
       modulusOfContinuity f a b T₂.toPartition.mesh) * (b - a)","*Theorem III (given a common refinement).** For tagged partitions `T₁, T₂`
that share a common tagged refinement `T''`, and `f ∈ C([a,b])`,
`|S_f(T₁) - S_f(T₂)| ≤ (w_f(‖T₁‖) + w_f(‖T₂‖)) · (b - a)`."
180,"Apply the triangle inequality, using symmetry of absolute value to rewrite \(\lvert S_f(T'')-S_f(T_2)\rvert\) as \(\lvert S_f(T_2)-S_f(T'')\rvert\).",atlas.real_analysis.8bf505ec59b9,riemannSum_sub_le_modulusOfContinuity_add_mul_of_commonRefinement,2,external/atlas-lean/Atlas/RealAnalysis/code/Integration/ModulusContinuity.lean,"theorem riemannSum_sub_le_modulusOfContinuity_add_mul_of_commonRefinement
    (f : ℝ → ℝ) (T₁ T₂ : TaggedPartition a b) (hab : a ≤ b)
    (hf : ContinuousOn f (Icc a b))
    (T'' : TaggedPartition a b)
    (href₁ : T₁.IsTaggedRefinement T'')
    (href₂ : T₂.IsTaggedRefinement T'') :
    |riemannSum f T₁ - riemannSum f T₂| ≤
      (modulusOfContinuity f a b T₁.toPartition.mesh +
       modulusOfContinuity f a b T₂.toPartition.mesh) * (b - a)","*Theorem III (given a common refinement).** For tagged partitions `T₁, T₂`
that share a common tagged refinement `T''`, and `f ∈ C([a,b])`,
`|S_f(T₁) - S_f(T₂)| ≤ (w_f(‖T₁‖) + w_f(‖T₂‖)) · (b - a)`."
181,"Bound each resulting difference by the previously proved modulus-of-continuity estimate for a tagged refinement, once for \(T_1\preceq T''\) and once for \(T_2\preceq T''\).",atlas.real_analysis.8bf505ec59b9,riemannSum_sub_le_modulusOfContinuity_add_mul_of_commonRefinement,3,external/atlas-lean/Atlas/RealAnalysis/code/Integration/ModulusContinuity.lean,"theorem riemannSum_sub_le_modulusOfContinuity_add_mul_of_commonRefinement
    (f : ℝ → ℝ) (T₁ T₂ : TaggedPartition a b) (hab : a ≤ b)
    (hf : ContinuousOn f (Icc a b))
    (T'' : TaggedPartition a b)
    (href₁ : T₁.IsTaggedRefinement T'')
    (href₂ : T₂.IsTaggedRefinement T'') :
    |riemannSum f T₁ - riemannSum f T₂| ≤
      (modulusOfContinuity f a b T₁.toPartition.mesh +
       modulusOfContinuity f a b T₂.toPartition.mesh) * (b - a)","*Theorem III (given a common refinement).** For tagged partitions `T₁, T₂`
that share a common tagged refinement `T''`, and `f ∈ C([a,b])`,
`|S_f(T₁) - S_f(T₂)| ≤ (w_f(‖T₁‖) + w_f(‖T₂‖)) · (b - a)`."
182,Add the two bounds and factor out the common interval length \(b-a\) to obtain the desired sum of moduli of continuity.,atlas.real_analysis.8bf505ec59b9,riemannSum_sub_le_modulusOfContinuity_add_mul_of_commonRefinement,4,external/atlas-lean/Atlas/RealAnalysis/code/Integration/ModulusContinuity.lean,"theorem riemannSum_sub_le_modulusOfContinuity_add_mul_of_commonRefinement
    (f : ℝ → ℝ) (T₁ T₂ : TaggedPartition a b) (hab : a ≤ b)
    (hf : ContinuousOn f (Icc a b))
    (T'' : TaggedPartition a b)
    (href₁ : T₁.IsTaggedRefinement T'')
    (href₂ : T₂.IsTaggedRefinement T'') :
    |riemannSum f T₁ - riemannSum f T₂| ≤
      (modulusOfContinuity f a b T₁.toPartition.mesh +
       modulusOfContinuity f a b T₂.toPartition.mesh) * (b - a)","*Theorem III (given a common refinement).** For tagged partitions `T₁, T₂`
that share a common tagged refinement `T''`, and `f ∈ C([a,b])`,
`|S_f(T₁) - S_f(T₂)| ≤ (w_f(‖T₁‖) + w_f(‖T₂‖)) · (b - a)`."
183,"Prove that `assign j = k` exactly when `j` lies between `φ k.castSucc` and `φ k.succ`, using the assignment bounds and strict monotonicity of `φ` to rule out assignments below or above `k`.",atlas.real_analysis.6d9a30ae0d65,telescope_sum_of_embedding,1,external/atlas-lean/Atlas/RealAnalysis/code/Integration/ModulusContinuity.lean,"lemma telescope_sum_of_embedding {n'' m : ℕ} (pts : Fin (n'' + 1) → ℝ)
    (φ : Fin (m + 1) → Fin (n'' + 1)) (hφ_strict : StrictMono φ)
    (assign : Fin n'' → Fin m)
    (hassign_spec : ∀ j : Fin n'', (φ (assign j).castSucc).val ≤ j.val ∧
      j.val < (φ (assign j).succ).val)
    (k : Fin m) :
    ∑ j ∈ Finset.univ.filter (fun j => assign j = k),
      (pts j.succ - pts j.castSucc) = pts (φ k.succ) - pts (φ k.castSucc)","Telescoping identity: given a strictly monotone embedding `φ` of a coarse
index set into a fine index set, the lengths of the fine subintervals whose
indices are assigned to a coarse index `k` sum to the length of the `k`-th
coarse subinterval."
184,"Replace dependent `Fin` indexing by the total auxiliary function `g : ℕ → ℝ`, so each fine-interval length becomes the ordinary difference `g (j.val + 1) - g j.val`.",atlas.real_analysis.6d9a30ae0d65,telescope_sum_of_embedding,2,external/atlas-lean/Atlas/RealAnalysis/code/Integration/ModulusContinuity.lean,"lemma telescope_sum_of_embedding {n'' m : ℕ} (pts : Fin (n'' + 1) → ℝ)
    (φ : Fin (m + 1) → Fin (n'' + 1)) (hφ_strict : StrictMono φ)
    (assign : Fin n'' → Fin m)
    (hassign_spec : ∀ j : Fin n'', (φ (assign j).castSucc).val ≤ j.val ∧
      j.val < (φ (assign j).succ).val)
    (k : Fin m) :
    ∑ j ∈ Finset.univ.filter (fun j => assign j = k),
      (pts j.succ - pts j.castSucc) = pts (φ k.succ) - pts (φ k.castSucc)","Telescoping identity: given a strictly monotone embedding `φ` of a coarse
index set into a fine index set, the lengths of the fine subintervals whose
indices are assigned to a coarse index `k` sum to the length of the `k`-th
coarse subinterval."
185,"Reindex the filtered sum bijectively via `j ↦ j.val`, identifying its index set with the natural-number interval `Finset.Ico a' b'`.",atlas.real_analysis.6d9a30ae0d65,telescope_sum_of_embedding,3,external/atlas-lean/Atlas/RealAnalysis/code/Integration/ModulusContinuity.lean,"lemma telescope_sum_of_embedding {n'' m : ℕ} (pts : Fin (n'' + 1) → ℝ)
    (φ : Fin (m + 1) → Fin (n'' + 1)) (hφ_strict : StrictMono φ)
    (assign : Fin n'' → Fin m)
    (hassign_spec : ∀ j : Fin n'', (φ (assign j).castSucc).val ≤ j.val ∧
      j.val < (φ (assign j).succ).val)
    (k : Fin m) :
    ∑ j ∈ Finset.univ.filter (fun j => assign j = k),
      (pts j.succ - pts j.castSucc) = pts (φ k.succ) - pts (φ k.castSucc)","Telescoping identity: given a strictly monotone embedding `φ` of a coarse
index set into a fine index set, the lengths of the fine subintervals whose
indices are assigned to a coarse index `k` sum to the length of the `k`-th
coarse subinterval."
186,Apply the standard telescoping identity `Finset.sum_Ico_sub` and simplify `g` at the endpoints to obtain `pts (φ k.succ) - pts (φ k.castSucc)`.,atlas.real_analysis.6d9a30ae0d65,telescope_sum_of_embedding,4,external/atlas-lean/Atlas/RealAnalysis/code/Integration/ModulusContinuity.lean,"lemma telescope_sum_of_embedding {n'' m : ℕ} (pts : Fin (n'' + 1) → ℝ)
    (φ : Fin (m + 1) → Fin (n'' + 1)) (hφ_strict : StrictMono φ)
    (assign : Fin n'' → Fin m)
    (hassign_spec : ∀ j : Fin n'', (φ (assign j).castSucc).val ≤ j.val ∧
      j.val < (φ (assign j).succ).val)
    (k : Fin m) :
    ∑ j ∈ Finset.univ.filter (fun j => assign j = k),
      (pts j.succ - pts j.castSucc) = pts (φ k.succ) - pts (φ k.castSucc)","Telescoping identity: given a strictly monotone embedding `φ` of a coarse
index set into a fine index set, the lengths of the fine subintervals whose
indices are assigned to a coarse index `k` sum to the length of the `k`-th
coarse subinterval."
187,"Form the finite union of the two partitions’ point sets and enumerate it in strictly increasing order, thereby retaining every breakpoint while removing duplicates.",atlas.real_analysis.33393fbd4780,TaggedPartition.exists_commonRefinement,1,external/atlas-lean/Atlas/RealAnalysis/code/Integration/ModulusContinuity.lean,"theorem TaggedPartition.exists_commonRefinement (T₁ T₂ : TaggedPartition a b) (hab : a ≤ b) :
    ∃ T'' : TaggedPartition a b,
      Nonempty (T₁.IsTaggedRefinement T'') ∧ Nonempty (T₂.IsTaggedRefinement T'')","Any two tagged partitions of `[a,b]` admit a common tagged refinement:
the partition whose points are the union of both partitions' points."
188,"Prove that the minimum and maximum of this union are respectively \(a\) and \(b\), so the sorted enumeration defines a new partition of exactly \([a,b]\).",atlas.real_analysis.33393fbd4780,TaggedPartition.exists_commonRefinement,2,external/atlas-lean/Atlas/RealAnalysis/code/Integration/ModulusContinuity.lean,"theorem TaggedPartition.exists_commonRefinement (T₁ T₂ : TaggedPartition a b) (hab : a ≤ b) :
    ∃ T'' : TaggedPartition a b,
      Nonempty (T₁.IsTaggedRefinement T'') ∧ Nonempty (T₂.IsTaggedRefinement T'')","Any two tagged partitions of `[a,b]` admit a common tagged refinement:
the partition whose points are the union of both partitions' points."
189,"Choose each tag of the common partition to be its subinterval’s left endpoint, which immediately satisfies the required tag-membership condition.",atlas.real_analysis.33393fbd4780,TaggedPartition.exists_commonRefinement,3,external/atlas-lean/Atlas/RealAnalysis/code/Integration/ModulusContinuity.lean,"theorem TaggedPartition.exists_commonRefinement (T₁ T₂ : TaggedPartition a b) (hab : a ≤ b) :
    ∃ T'' : TaggedPartition a b,
      Nonempty (T₁.IsTaggedRefinement T'') ∧ Nonempty (T₂.IsTaggedRefinement T'')","Any two tagged partitions of `[a,b]` admit a common tagged refinement:
the partition whose points are the union of both partitions' points."
190,"Embed each original partition’s indices strictly into the sorted union by sending every original point to its unique position in the new enumeration, with the embeddings preserving both endpoints.",atlas.real_analysis.33393fbd4780,TaggedPartition.exists_commonRefinement,4,external/atlas-lean/Atlas/RealAnalysis/code/Integration/ModulusContinuity.lean,"theorem TaggedPartition.exists_commonRefinement (T₁ T₂ : TaggedPartition a b) (hab : a ≤ b) :
    ∃ T'' : TaggedPartition a b,
      Nonempty (T₁.IsTaggedRefinement T'') ∧ Nonempty (T₂.IsTaggedRefinement T'')","Any two tagged partitions of `[a,b]` admit a common tagged refinement:
the partition whose points are the union of both partitions' points."
191,"For each new subinterval, assign it to the original subinterval whose left endpoint has the greatest embedded index not exceeding the new subinterval’s left index; maximality forces the new interval to lie before that original interval’s right endpoint.",atlas.real_analysis.33393fbd4780,TaggedPartition.exists_commonRefinement,5,external/atlas-lean/Atlas/RealAnalysis/code/Integration/ModulusContinuity.lean,"theorem TaggedPartition.exists_commonRefinement (T₁ T₂ : TaggedPartition a b) (hab : a ≤ b) :
    ∃ T'' : TaggedPartition a b,
      Nonempty (T₁.IsTaggedRefinement T'') ∧ Nonempty (T₂.IsTaggedRefinement T'')","Any two tagged partitions of `[a,b]` admit a common tagged refinement:
the partition whose points are the union of both partitions' points."
192,Use these index inequalities and monotonicity of the sorted points to prove that every new subinterval is contained in its assigned subinterval of each original partition.,atlas.real_analysis.33393fbd4780,TaggedPartition.exists_commonRefinement,6,external/atlas-lean/Atlas/RealAnalysis/code/Integration/ModulusContinuity.lean,"theorem TaggedPartition.exists_commonRefinement (T₁ T₂ : TaggedPartition a b) (hab : a ≤ b) :
    ∃ T'' : TaggedPartition a b,
      Nonempty (T₁.IsTaggedRefinement T'') ∧ Nonempty (T₂.IsTaggedRefinement T'')","Any two tagged partitions of `[a,b]` admit a common tagged refinement:
the partition whose points are the union of both partitions' points."
193,Apply the telescoping-sum lemma for a strictly monotone embedding to show that the lengths of all new subintervals assigned to an original subinterval sum exactly to that original subinterval’s length.,atlas.real_analysis.33393fbd4780,TaggedPartition.exists_commonRefinement,7,external/atlas-lean/Atlas/RealAnalysis/code/Integration/ModulusContinuity.lean,"theorem TaggedPartition.exists_commonRefinement (T₁ T₂ : TaggedPartition a b) (hab : a ≤ b) :
    ∃ T'' : TaggedPartition a b,
      Nonempty (T₁.IsTaggedRefinement T'') ∧ Nonempty (T₂.IsTaggedRefinement T'')","Any two tagged partitions of `[a,b]` admit a common tagged refinement:
the partition whose points are the union of both partitions' points."
194,"Introduce a tagged partition \(T''\) that simultaneously refines \(T_1\) and \(T_2\), whose existence follows from \(a \le b\), so both Riemann sums can be compared through one common subdivision.",atlas.real_analysis.051c1452e321,riemannSum_sub_le_modulusOfContinuity_add_mul,1,external/atlas-lean/Atlas/RealAnalysis/code/Integration/ModulusContinuity.lean,"theorem riemannSum_sub_le_modulusOfContinuity_add_mul
    (f : ℝ → ℝ) (T₁ T₂ : TaggedPartition a b) (hab : a ≤ b)
    (hf : ContinuousOn f (Icc a b)) :
    |riemannSum f T₁ - riemannSum f T₂| ≤
      (modulusOfContinuity f a b T₁.toPartition.mesh +
       modulusOfContinuity f a b T₂.toPartition.mesh) * (b - a)","*Theorem III.** For any two tagged partitions `T₁, T₂` of `[a,b]` and
`f ∈ C([a,b])`,
`|S_f(T₁) - S_f(T₂)| ≤ (w_f(‖T₁‖) + w_f(‖T₂‖)) · (b - a)`."
195,"Apply the previously proved common-refinement estimate, which uses continuity to bound the two comparison errors by the respective moduli of continuity times the total interval length \(b-a\).",atlas.real_analysis.051c1452e321,riemannSum_sub_le_modulusOfContinuity_add_mul,2,external/atlas-lean/Atlas/RealAnalysis/code/Integration/ModulusContinuity.lean,"theorem riemannSum_sub_le_modulusOfContinuity_add_mul
    (f : ℝ → ℝ) (T₁ T₂ : TaggedPartition a b) (hab : a ≤ b)
    (hf : ContinuousOn f (Icc a b)) :
    |riemannSum f T₁ - riemannSum f T₂| ≤
      (modulusOfContinuity f a b T₁.toPartition.mesh +
       modulusOfContinuity f a b T₂.toPartition.mesh) * (b - a)","*Theorem III.** For any two tagged partitions `T₁, T₂` of `[a,b]` and
`f ∈ C([a,b])`,
`|S_f(T₁) - S_f(T₂)| ≤ (w_f(‖T₁‖) + w_f(‖T₂‖)) · (b - a)`."
196,Rewrite the Cauchy criterion in ε–\(N\) form and use continuity on the compact interval to obtain that the modulus of continuity tends to \(0\) as its positive argument tends to \(0\).,atlas.real_analysis.d1f34bb9cb26,riemannSum_cauchySeq_of_mesh_tendsto,1,external/atlas-lean/Atlas/RealAnalysis/code/Integration/ModulusContinuity.lean,"lemma riemannSum_cauchySeq_of_mesh_tendsto (f : ℝ → ℝ) (a b : ℝ) (hab_lt : a < b)
    (hf : ContinuousOn f (Icc a b))
    (T : ℕ → TaggedPartition a b)
    (hmesh : Filter.Tendsto (fun r => (T r).toPartition.mesh) Filter.atTop (𝓝 0)) :
    CauchySeq (fun r => riemannSum f (T r))","For `f ∈ C([a,b])` with `a < b`, if a sequence of tagged partitions has mesh
tending to `0`, then the corresponding sequence of Riemann sums is Cauchy."
197,"Choose \(\delta>0\) so that every \(0<t<\delta\) satisfies \(\lvert\operatorname{modulusOfContinuity}(f,a,b,t)\rvert<\varepsilon/(2(b-a))\), using \(a<b\) to ensure the denominator is positive.",atlas.real_analysis.d1f34bb9cb26,riemannSum_cauchySeq_of_mesh_tendsto,2,external/atlas-lean/Atlas/RealAnalysis/code/Integration/ModulusContinuity.lean,"lemma riemannSum_cauchySeq_of_mesh_tendsto (f : ℝ → ℝ) (a b : ℝ) (hab_lt : a < b)
    (hf : ContinuousOn f (Icc a b))
    (T : ℕ → TaggedPartition a b)
    (hmesh : Filter.Tendsto (fun r => (T r).toPartition.mesh) Filter.atTop (𝓝 0)) :
    CauchySeq (fun r => riemannSum f (T r))","For `f ∈ C([a,b])` with `a < b`, if a sequence of tagged partitions has mesh
tending to `0`, then the corresponding sequence of Riemann sums is Cauchy."
198,"Use convergence of the partition meshes to \(0\) to find one index \(N\) after which both meshes are smaller than \(\delta\), while mesh positivity allows the modulus estimate to apply.",atlas.real_analysis.d1f34bb9cb26,riemannSum_cauchySeq_of_mesh_tendsto,3,external/atlas-lean/Atlas/RealAnalysis/code/Integration/ModulusContinuity.lean,"lemma riemannSum_cauchySeq_of_mesh_tendsto (f : ℝ → ℝ) (a b : ℝ) (hab_lt : a < b)
    (hf : ContinuousOn f (Icc a b))
    (T : ℕ → TaggedPartition a b)
    (hmesh : Filter.Tendsto (fun r => (T r).toPartition.mesh) Filter.atTop (𝓝 0)) :
    CauchySeq (fun r => riemannSum f (T r))","For `f ∈ C([a,b])` with `a < b`, if a sequence of tagged partitions has mesh
tending to `0`, then the corresponding sequence of Riemann sums is Cauchy."
199,Bound the difference of any two later Riemann sums by the sum of their two modulus-of-continuity errors multiplied by the interval length \(b-a\).,atlas.real_analysis.d1f34bb9cb26,riemannSum_cauchySeq_of_mesh_tendsto,4,external/atlas-lean/Atlas/RealAnalysis/code/Integration/ModulusContinuity.lean,"lemma riemannSum_cauchySeq_of_mesh_tendsto (f : ℝ → ℝ) (a b : ℝ) (hab_lt : a < b)
    (hf : ContinuousOn f (Icc a b))
    (T : ℕ → TaggedPartition a b)
    (hmesh : Filter.Tendsto (fun r => (T r).toPartition.mesh) Filter.atTop (𝓝 0)) :
    CauchySeq (fun r => riemannSum f (T r))","For `f ∈ C([a,b])` with `a < b`, if a sequence of tagged partitions has mesh
tending to `0`, then the corresponding sequence of Riemann sums is Cauchy."
200,"Apply the chosen modulus bounds to both error terms and simplify \(2\cdot\varepsilon/(2(b-a))\cdot(b-a)=\varepsilon\), proving the required Cauchy estimate.",atlas.real_analysis.d1f34bb9cb26,riemannSum_cauchySeq_of_mesh_tendsto,5,external/atlas-lean/Atlas/RealAnalysis/code/Integration/ModulusContinuity.lean,"lemma riemannSum_cauchySeq_of_mesh_tendsto (f : ℝ → ℝ) (a b : ℝ) (hab_lt : a < b)
    (hf : ContinuousOn f (Icc a b))
    (T : ℕ → TaggedPartition a b)
    (hmesh : Filter.Tendsto (fun r => (T r).toPartition.mesh) Filter.atTop (𝓝 0)) :
    CauchySeq (fun r => riemannSum f (T r))","For `f ∈ C([a,b])` with `a < b`, if a sequence of tagged partitions has mesh
tending to `0`, then the corresponding sequence of Riemann sums is Cauchy."
201,"Use continuity on the compact interval \([a,b]\) to obtain that the modulus of continuity tends to \(0\) as its positive argument tends to \(0\).",atlas.real_analysis.3f6cae6ff8ee,riemannSum_sub_tendsto_zero,1,external/atlas-lean/Atlas/RealAnalysis/code/Integration/ModulusContinuity.lean,"lemma riemannSum_sub_tendsto_zero (f : ℝ → ℝ) (a b : ℝ) (hab_lt : a < b)
    (hf : ContinuousOn f (Icc a b))
    (T₁ T₂ : ℕ → TaggedPartition a b)
    (hmesh₁ : Filter.Tendsto (fun r => (T₁ r).toPartition.mesh) Filter.atTop (𝓝 0))
    (hmesh₂ : Filter.Tendsto (fun r => (T₂ r).toPartition.mesh) Filter.atTop (𝓝 0)) :
    Filter.Tendsto (fun r => riemannSum f (T₁ r) - riemannSum f (T₂ r))
      Filter.atTop (𝓝 0)","For `f ∈ C([a,b])` with `a < b`, if two sequences of tagged partitions both
have meshes tending to `0`, then the difference of their Riemann sums tends to
`0`."
202,"Set \(L=b-a>0\) and choose the modulus threshold \(\varepsilon/(2L)\), which allocates half of the final error to each Riemann sum.",atlas.real_analysis.3f6cae6ff8ee,riemannSum_sub_tendsto_zero,2,external/atlas-lean/Atlas/RealAnalysis/code/Integration/ModulusContinuity.lean,"lemma riemannSum_sub_tendsto_zero (f : ℝ → ℝ) (a b : ℝ) (hab_lt : a < b)
    (hf : ContinuousOn f (Icc a b))
    (T₁ T₂ : ℕ → TaggedPartition a b)
    (hmesh₁ : Filter.Tendsto (fun r => (T₁ r).toPartition.mesh) Filter.atTop (𝓝 0))
    (hmesh₂ : Filter.Tendsto (fun r => (T₂ r).toPartition.mesh) Filter.atTop (𝓝 0)) :
    Filter.Tendsto (fun r => riemannSum f (T₁ r) - riemannSum f (T₂ r))
      Filter.atTop (𝓝 0)","For `f ∈ C([a,b])` with `a < b`, if two sequences of tagged partitions both
have meshes tending to `0`, then the difference of their Riemann sums tends to
`0`."
203,"Use convergence of both meshes to \(0\), together with positivity of meshes when \(a<b\), to ensure that after one common index both meshes lie in the interval \((0,\delta)\).",atlas.real_analysis.3f6cae6ff8ee,riemannSum_sub_tendsto_zero,3,external/atlas-lean/Atlas/RealAnalysis/code/Integration/ModulusContinuity.lean,"lemma riemannSum_sub_tendsto_zero (f : ℝ → ℝ) (a b : ℝ) (hab_lt : a < b)
    (hf : ContinuousOn f (Icc a b))
    (T₁ T₂ : ℕ → TaggedPartition a b)
    (hmesh₁ : Filter.Tendsto (fun r => (T₁ r).toPartition.mesh) Filter.atTop (𝓝 0))
    (hmesh₂ : Filter.Tendsto (fun r => (T₂ r).toPartition.mesh) Filter.atTop (𝓝 0)) :
    Filter.Tendsto (fun r => riemannSum f (T₁ r) - riemannSum f (T₂ r))
      Filter.atTop (𝓝 0)","For `f ∈ C([a,b])` with `a < b`, if two sequences of tagged partitions both
have meshes tending to `0`, then the difference of their Riemann sums tends to
`0`."
204,Apply the comparison estimate bounding the difference of two Riemann sums by the sum of their modulus-of-continuity errors multiplied by \(L\).,atlas.real_analysis.3f6cae6ff8ee,riemannSum_sub_tendsto_zero,4,external/atlas-lean/Atlas/RealAnalysis/code/Integration/ModulusContinuity.lean,"lemma riemannSum_sub_tendsto_zero (f : ℝ → ℝ) (a b : ℝ) (hab_lt : a < b)
    (hf : ContinuousOn f (Icc a b))
    (T₁ T₂ : ℕ → TaggedPartition a b)
    (hmesh₁ : Filter.Tendsto (fun r => (T₁ r).toPartition.mesh) Filter.atTop (𝓝 0))
    (hmesh₂ : Filter.Tendsto (fun r => (T₂ r).toPartition.mesh) Filter.atTop (𝓝 0)) :
    Filter.Tendsto (fun r => riemannSum f (T₁ r) - riemannSum f (T₂ r))
      Filter.atTop (𝓝 0)","For `f ∈ C([a,b])` with `a < b`, if two sequences of tagged partitions both
have meshes tending to `0`, then the difference of their Riemann sums tends to
`0`."
205,"Bound each modulus term by \(\varepsilon/(2L)\), so the comparison estimate simplifies exactly to a total error less than \(\varepsilon\), proving convergence to \(0\).",atlas.real_analysis.3f6cae6ff8ee,riemannSum_sub_tendsto_zero,5,external/atlas-lean/Atlas/RealAnalysis/code/Integration/ModulusContinuity.lean,"lemma riemannSum_sub_tendsto_zero (f : ℝ → ℝ) (a b : ℝ) (hab_lt : a < b)
    (hf : ContinuousOn f (Icc a b))
    (T₁ T₂ : ℕ → TaggedPartition a b)
    (hmesh₁ : Filter.Tendsto (fun r => (T₁ r).toPartition.mesh) Filter.atTop (𝓝 0))
    (hmesh₂ : Filter.Tendsto (fun r => (T₂ r).toPartition.mesh) Filter.atTop (𝓝 0)) :
    Filter.Tendsto (fun r => riemannSum f (T₁ r) - riemannSum f (T₂ r))
      Filter.atTop (𝓝 0)","For `f ∈ C([a,b])` with `a < b`, if two sequences of tagged partitions both
have meshes tending to `0`, then the difference of their Riemann sums tends to
`0`."
206,"In the degenerate case \(a=b\), strict ordering forces every tagged partition to have no subintervals, so every Riemann sum is \(0\) and hence converges to \(0\).",atlas.real_analysis.2302d57b832e,riemann_integral_convergence,1,external/atlas-lean/Atlas/RealAnalysis/code/Integration/ModulusContinuity.lean,"theorem riemann_integral_convergence (f : ℝ → ℝ) (a b : ℝ) (hab : a ≤ b)
    (hf : ContinuousOn f (Icc a b)) :
    ∃ I : ℝ, ∀ (T : ℕ → TaggedPartition a b),
      Filter.Tendsto (fun r => (T r).toPartition.mesh) Filter.atTop (𝓝 0) →
      Filter.Tendsto (fun r => riemannSum f (T r)) Filter.atTop (𝓝 I)","*Convergence of the Riemann integral.** For `f ∈ C([a,b])`, there exists a
real number `I` such that for every sequence of tagged partitions whose mesh
tends to `0`, the Riemann sums converge to `I`."
207,"When \(a<b\), any sequence of tagged partitions whose mesh tends to \(0\) has Cauchy Riemann sums, which converge to some real limit by completeness of \(\mathbb R\).",atlas.real_analysis.2302d57b832e,riemann_integral_convergence,2,external/atlas-lean/Atlas/RealAnalysis/code/Integration/ModulusContinuity.lean,"theorem riemann_integral_convergence (f : ℝ → ℝ) (a b : ℝ) (hab : a ≤ b)
    (hf : ContinuousOn f (Icc a b)) :
    ∃ I : ℝ, ∀ (T : ℕ → TaggedPartition a b),
      Filter.Tendsto (fun r => (T r).toPartition.mesh) Filter.atTop (𝓝 0) →
      Filter.Tendsto (fun r => riemannSum f (T r)) Filter.atTop (𝓝 I)","*Convergence of the Riemann integral.** For `f ∈ C([a,b])`, there exists a
real number `I` such that for every sequence of tagged partitions whose mesh
tends to `0`, the Riemann sums converge to `I`."
208,The limits arising from any two such partition sequences are equal because the difference of their Riemann sums tends both to \(0\) and to the difference of the two limits.,atlas.real_analysis.2302d57b832e,riemann_integral_convergence,3,external/atlas-lean/Atlas/RealAnalysis/code/Integration/ModulusContinuity.lean,"theorem riemann_integral_convergence (f : ℝ → ℝ) (a b : ℝ) (hab : a ≤ b)
    (hf : ContinuousOn f (Icc a b)) :
    ∃ I : ℝ, ∀ (T : ℕ → TaggedPartition a b),
      Filter.Tendsto (fun r => (T r).toPartition.mesh) Filter.atTop (𝓝 0) →
      Filter.Tendsto (fun r => riemannSum f (T r)) Filter.atTop (𝓝 I)","*Convergence of the Riemann integral.** For `f ∈ C([a,b])`, there exists a
real number `I` such that for every sequence of tagged partitions whose mesh
tends to `0`, the Riemann sums converge to `I`."
209,"Choosing one admissible partition sequence therefore supplies a common limit for all admissible sequences, while if no admissible sequence exists the universal convergence assertion holds vacuously.",atlas.real_analysis.2302d57b832e,riemann_integral_convergence,4,external/atlas-lean/Atlas/RealAnalysis/code/Integration/ModulusContinuity.lean,"theorem riemann_integral_convergence (f : ℝ → ℝ) (a b : ℝ) (hab : a ≤ b)
    (hf : ContinuousOn f (Icc a b)) :
    ∃ I : ℝ, ∀ (T : ℕ → TaggedPartition a b),
      Filter.Tendsto (fun r => (T r).toPartition.mesh) Filter.atTop (𝓝 0) →
      Filter.Tendsto (fun r => riemannSum f (T r)) Filter.atTop (𝓝 I)","*Convergence of the Riemann integral.** For `f ∈ C([a,b])`, there exists a
real number `I` such that for every sequence of tagged partitions whose mesh
tends to `0`, the Riemann sums converge to `I`."
210,"Continuity of \(f\) and \(g\) on \([a,b]\), together with \(a\le b\), supplies the interval integrability needed to apply the integral comparison theorem.",atlas.real_analysis.c0ef6ab1afa2,integral_comparison_and_triangle,1,external/atlas-lean/Atlas/RealAnalysis/code/Integration/Properties.lean,"theorem integral_comparison_and_triangle (f g : ℝ → ℝ) (a b : ℝ) (hab : a ≤ b)
    (hf : ContinuousOn f (Set.Icc a b)) (hg : ContinuousOn g (Set.Icc a b)) :
    ((∀ x ∈ Set.Icc a b, f x ≤ g x) → ∫ x in a..b, f x ≤ ∫ x in a..b, g x) ∧
    (|∫ x in a..b, f x| ≤ ∫ x in a..b, |f x|)","Comparison and triangle inequalities for the Riemann integral.

For continuous functions `f, g : ℝ → ℝ` on `[a, b]` with `a ≤ b`:
1. (Comparison) If `f x ≤ g x` for all `x ∈ [a, b]`, then `∫ x in a..b, f x ≤ ∫ x in a..b, g x`.
2. (Triangle inequality) `|∫ x in a..b, f x| ≤ ∫ x in a..b, |f x|`."
211,"The pointwise inequality \(f(x)\le g(x)\) on \([a,b]\) lifts directly to \(\int_a^b f\le\int_a^b g\) via monotonicity of the interval integral.",atlas.real_analysis.c0ef6ab1afa2,integral_comparison_and_triangle,2,external/atlas-lean/Atlas/RealAnalysis/code/Integration/Properties.lean,"theorem integral_comparison_and_triangle (f g : ℝ → ℝ) (a b : ℝ) (hab : a ≤ b)
    (hf : ContinuousOn f (Set.Icc a b)) (hg : ContinuousOn g (Set.Icc a b)) :
    ((∀ x ∈ Set.Icc a b, f x ≤ g x) → ∫ x in a..b, f x ≤ ∫ x in a..b, g x) ∧
    (|∫ x in a..b, f x| ≤ ∫ x in a..b, |f x|)","Comparison and triangle inequalities for the Riemann integral.

For continuous functions `f, g : ℝ → ℝ` on `[a, b]` with `a ≤ b`:
1. (Comparison) If `f x ≤ g x` for all `x ∈ [a, b]`, then `∫ x in a..b, f x ≤ ∫ x in a..b, g x`.
2. (Triangle inequality) `|∫ x in a..b, f x| ≤ ∫ x in a..b, |f x|`."
212,"The triangle inequality follows from the standard estimate \(\left\|\int_a^b f\right\|\le\int_a^b\|f(x)\|\,dx\), whose orientation relies on \(a\le b\).",atlas.real_analysis.c0ef6ab1afa2,integral_comparison_and_triangle,3,external/atlas-lean/Atlas/RealAnalysis/code/Integration/Properties.lean,"theorem integral_comparison_and_triangle (f g : ℝ → ℝ) (a b : ℝ) (hab : a ≤ b)
    (hf : ContinuousOn f (Set.Icc a b)) (hg : ContinuousOn g (Set.Icc a b)) :
    ((∀ x ∈ Set.Icc a b, f x ≤ g x) → ∫ x in a..b, f x ≤ ∫ x in a..b, g x) ∧
    (|∫ x in a..b, f x| ≤ ∫ x in a..b, |f x|)","Comparison and triangle inequalities for the Riemann integral.

For continuous functions `f, g : ℝ → ℝ` on `[a, b]` with `a ≤ b`:
1. (Comparison) If `f x ≤ g x` for all `x ∈ [a, b]`, then `∫ x in a..b, f x ≤ ∫ x in a..b, g x`.
2. (Triangle inequality) `|∫ x in a..b, f x| ≤ ∫ x in a..b, |f x|`."
213,"Since the norm on \(\mathbb{R}\) equals absolute value, rewriting \(\|r\|=|r|\) converts the norm estimate exactly into the desired real-valued inequality.",atlas.real_analysis.c0ef6ab1afa2,integral_comparison_and_triangle,4,external/atlas-lean/Atlas/RealAnalysis/code/Integration/Properties.lean,"theorem integral_comparison_and_triangle (f g : ℝ → ℝ) (a b : ℝ) (hab : a ≤ b)
    (hf : ContinuousOn f (Set.Icc a b)) (hg : ContinuousOn g (Set.Icc a b)) :
    ((∀ x ∈ Set.Icc a b, f x ≤ g x) → ∫ x in a..b, f x ≤ ∫ x in a..b, g x) ∧
    (|∫ x in a..b, f x| ≤ ∫ x in a..b, |f x|)","Comparison and triangle inequalities for the Riemann integral.

For continuous functions `f, g : ℝ → ℝ` on `[a, b]` with `a ≤ b`:
1. (Comparison) If `f x ≤ g x` for all `x ∈ [a, b]`, then `∫ x in a..b, f x ≤ ∫ x in a..b, g x`.
2. (Triangle inequality) `|∫ x in a..b, f x| ≤ ∫ x in a..b, |f x|`."
214,"Continuity on the compact interval \([a,b]\) makes \(f\) interval-integrable and its image \(f([a,b])\) compact, hence bounded above and below.",atlas.real_analysis.99f216a3381c,integral_bounds,1,external/atlas-lean/Atlas/RealAnalysis/code/Integration/Properties.lean,"theorem integral_bounds (f : ℝ → ℝ) (a b : ℝ) (hab : a ≤ b)
    (hf : ContinuousOn f (Set.Icc a b)) :
    (sInf (f '' Set.Icc a b)) * (b - a) ≤ ∫ x in a..b, f x ∧
    ∫ x in a..b, f x ≤ (sSup (f '' Set.Icc a b)) * (b - a)","Lower and upper bounds for the Riemann integral via the infimum and supremum.

If `f : ℝ → ℝ` is continuous on `[a, b]` with `a ≤ b`, then setting
`m_f = sInf (f '' [a, b])` and `M_f = sSup (f '' [a, b])`, we have
`m_f * (b - a) ≤ ∫ x in a..b, f x ≤ M_f * (b - a)`."
215,"Boundedness of the image allows the infimum and supremum properties to give \(sInf(f([a,b])) \le f(x) \le sSup(f([a,b]))\) for every \(x \in [a,b]\).",atlas.real_analysis.99f216a3381c,integral_bounds,2,external/atlas-lean/Atlas/RealAnalysis/code/Integration/Properties.lean,"theorem integral_bounds (f : ℝ → ℝ) (a b : ℝ) (hab : a ≤ b)
    (hf : ContinuousOn f (Set.Icc a b)) :
    (sInf (f '' Set.Icc a b)) * (b - a) ≤ ∫ x in a..b, f x ∧
    ∫ x in a..b, f x ≤ (sSup (f '' Set.Icc a b)) * (b - a)","Lower and upper bounds for the Riemann integral via the infimum and supremum.

If `f : ℝ → ℝ` is continuous on `[a, b]` with `a ≤ b`, then setting
`m_f = sInf (f '' [a, b])` and `M_f = sSup (f '' [a, b])`, we have
`m_f * (b - a) ≤ ∫ x in a..b, f x ≤ M_f * (b - a)`."
216,"Since \(a \le b\), monotonicity of the interval integral transfers these pointwise bounds to inequalities between the integrals of \(f\) and the corresponding constant functions.",atlas.real_analysis.99f216a3381c,integral_bounds,3,external/atlas-lean/Atlas/RealAnalysis/code/Integration/Properties.lean,"theorem integral_bounds (f : ℝ → ℝ) (a b : ℝ) (hab : a ≤ b)
    (hf : ContinuousOn f (Set.Icc a b)) :
    (sInf (f '' Set.Icc a b)) * (b - a) ≤ ∫ x in a..b, f x ∧
    ∫ x in a..b, f x ≤ (sSup (f '' Set.Icc a b)) * (b - a)","Lower and upper bounds for the Riemann integral via the infimum and supremum.

If `f : ℝ → ℝ` is continuous on `[a, b]` with `a ≤ b`, then setting
`m_f = sInf (f '' [a, b])` and `M_f = sSup (f '' [a, b])`, we have
`m_f * (b - a) ≤ ∫ x in a..b, f x ≤ M_f * (b - a)`."
217,Evaluating each constant integral as \(c(b-a)\) converts those integral comparisons into the desired lower and upper bounds.,atlas.real_analysis.99f216a3381c,integral_bounds,4,external/atlas-lean/Atlas/RealAnalysis/code/Integration/Properties.lean,"theorem integral_bounds (f : ℝ → ℝ) (a b : ℝ) (hab : a ≤ b)
    (hf : ContinuousOn f (Set.Icc a b)) :
    (sInf (f '' Set.Icc a b)) * (b - a) ≤ ∫ x in a..b, f x ∧
    ∫ x in a..b, f x ≤ (sSup (f '' Set.Icc a b)) * (b - a)","Lower and upper bounds for the Riemann integral via the infimum and supremum.

If `f : ℝ → ℝ` is continuous on `[a, b]` with `a ≤ b`, then setting
`m_f = sInf (f '' [a, b])` and `M_f = sSup (f '' [a, b])`, we have
`m_f * (b - a) ≤ ∫ x in a..b, f x ≤ M_f * (b - a)`."
218,"Use \(a<c<b\) to obtain \(a\le c\le b\), ensuring that \([a,c]\) and \([c,b]\) are contained in \([a,b]\).",atlas.real_analysis.cf7ce31aca28,integral_additivity,1,external/atlas-lean/Atlas/RealAnalysis/code/Integration/Properties.lean,"theorem integral_additivity (f : ℝ → ℝ) (a b c : ℝ) (hac : a < c) (hcb : c < b)
    (hf : ContinuousOn f (Set.Icc a b)) :
    ∫ x in a..b, f x = (∫ x in a..c, f x) + ∫ x in c..b, f x","Additivity of the Riemann integral over adjacent intervals.

If `f : ℝ → ℝ` is continuous on `[a, b]` and `a < c < b`, then
`∫ x in a..b, f x = (∫ x in a..c, f x) + ∫ x in c..b, f x`."
219,"Restrict the continuity of \(f\) on \([a,b]\) to continuity on each adjacent subinterval \([a,c]\) and \([c,b]\).",atlas.real_analysis.cf7ce31aca28,integral_additivity,2,external/atlas-lean/Atlas/RealAnalysis/code/Integration/Properties.lean,"theorem integral_additivity (f : ℝ → ℝ) (a b c : ℝ) (hac : a < c) (hcb : c < b)
    (hf : ContinuousOn f (Set.Icc a b)) :
    ∫ x in a..b, f x = (∫ x in a..c, f x) + ∫ x in c..b, f x","Additivity of the Riemann integral over adjacent intervals.

If `f : ℝ → ℝ` is continuous on `[a, b]` and `a < c < b`, then
`∫ x in a..b, f x = (∫ x in a..c, f x) + ∫ x in c..b, f x`."
220,"Convert continuity on each closed subinterval into interval integrability, which supplies the hypotheses needed for integral additivity.",atlas.real_analysis.cf7ce31aca28,integral_additivity,3,external/atlas-lean/Atlas/RealAnalysis/code/Integration/Properties.lean,"theorem integral_additivity (f : ℝ → ℝ) (a b c : ℝ) (hac : a < c) (hcb : c < b)
    (hf : ContinuousOn f (Set.Icc a b)) :
    ∫ x in a..b, f x = (∫ x in a..c, f x) + ∫ x in c..b, f x","Additivity of the Riemann integral over adjacent intervals.

If `f : ℝ → ℝ` is continuous on `[a, b]` and `a < c < b`, then
`∫ x in a..b, f x = (∫ x in a..c, f x) + ∫ x in c..b, f x`."
221,Apply the adjacent-interval additivity theorem and reverse its equality to match the desired orientation.,atlas.real_analysis.cf7ce31aca28,integral_additivity,4,external/atlas-lean/Atlas/RealAnalysis/code/Integration/Properties.lean,"theorem integral_additivity (f : ℝ → ℝ) (a b c : ℝ) (hac : a < c) (hcb : c < b)
    (hf : ContinuousOn f (Set.Icc a b)) :
    ∫ x in a..b, f x = (∫ x in a..c, f x) + ∫ x in c..b, f x","Additivity of the Riemann integral over adjacent intervals.

If `f : ℝ → ℝ` is continuous on `[a, b]` and `a < c < b`, then
`∫ x in a..b, f x = (∫ x in a..c, f x) + ∫ x in c..b, f x`."
222,"Continuity of \(f\) and \(g\) on \([a,b]\), together with \(a\le b\), is converted into interval integrability for both functions.",atlas.real_analysis.bac56be2b008,integral_linearity,1,external/atlas-lean/Atlas/RealAnalysis/code/Integration/Properties.lean,"theorem integral_linearity (f g : ℝ → ℝ) (a b α : ℝ)
    (hf : ContinuousOn f (Set.Icc a b))
    (hg : ContinuousOn g (Set.Icc a b))
    (hab : a ≤ b) :
    ∫ x in a..b, (α * f x + g x) = α * (∫ x in a..b, f x) + ∫ x in a..b, g x","Linearity of the Riemann integral.

If `f, g : ℝ → ℝ` are continuous on `[a, b]` with `a ≤ b` and `α : ℝ`, then
`∫ x in a..b, (α * f x + g x) = α * (∫ x in a..b, f x) + ∫ x in a..b, g x`."
223,"Interval integrability is preserved under multiplication by the constant \(\alpha\), so \(x\mapsto \alpha f(x)\) is interval integrable.",atlas.real_analysis.bac56be2b008,integral_linearity,2,external/atlas-lean/Atlas/RealAnalysis/code/Integration/Properties.lean,"theorem integral_linearity (f g : ℝ → ℝ) (a b α : ℝ)
    (hf : ContinuousOn f (Set.Icc a b))
    (hg : ContinuousOn g (Set.Icc a b))
    (hab : a ≤ b) :
    ∫ x in a..b, (α * f x + g x) = α * (∫ x in a..b, f x) + ∫ x in a..b, g x","Linearity of the Riemann integral.

If `f, g : ℝ → ℝ` are continuous on `[a, b]` with `a ≤ b` and `α : ℝ`, then
`∫ x in a..b, (α * f x + g x) = α * (∫ x in a..b, f x) + ∫ x in a..b, g x`."
224,"Additivity of the interval integral splits the integral of \(\alpha f+g\), and the constant-multiple rule then pulls \(\alpha\) outside the integral to obtain the desired identity.",atlas.real_analysis.bac56be2b008,integral_linearity,3,external/atlas-lean/Atlas/RealAnalysis/code/Integration/Properties.lean,"theorem integral_linearity (f g : ℝ → ℝ) (a b α : ℝ)
    (hf : ContinuousOn f (Set.Icc a b))
    (hg : ContinuousOn g (Set.Icc a b))
    (hab : a ≤ b) :
    ∫ x in a..b, (α * f x + g x) = α * (∫ x in a..b, f x) + ∫ x in a..b, g x","Linearity of the Riemann integral.

If `f, g : ℝ → ℝ` are continuous on `[a, b]` with `a ≤ b` and `α : ℝ`, then
`∫ x in a..b, (α * f x + g x) = α * (∫ x in a..b, f x) + ∫ x in a..b, g x`."
225,Recognize that the goal is exactly the standard absolute-value triangle inequality already provided in Lean as `abs_add_le`.,atlas.real_analysis.fa564bc5f335,triangle_inequality,1,external/atlas-lean/Atlas/RealAnalysis/code/RealNumbers/AbsoluteValue.lean,theorem triangle_inequality (x y : ℝ) : |x + y| ≤ |x| + |y|,"Triangle inequality for the absolute value on `ℝ`: `|x + y| ≤ |x| + |y|`
for all real numbers `x` and `y`."
226,"Apply `abs_add_le` directly to the real numbers `x` and `y`, yielding `|x + y| ≤ |x| + |y|` with no further argument.",atlas.real_analysis.fa564bc5f335,triangle_inequality,2,external/atlas-lean/Atlas/RealAnalysis/code/RealNumbers/AbsoluteValue.lean,theorem triangle_inequality (x y : ℝ) : |x + y| ≤ |x| + |y|,"Triangle inequality for the absolute value on `ℝ`: `|x + y| ≤ |x| + |y|`
for all real numbers `x` and `y`."
227,The standard algebraic and order structures on \(\mathbb{R}\) supply the strict ordered ring property via the existing typeclass instance.,atlas.real_analysis.1b9f1b5bf00f,real_numbers_theorem,1,external/atlas-lean/Atlas/RealAnalysis/code/RealNumbers/Basic.lean,"theorem real_numbers_theorem :
    IsStrictOrderedRing ℝ ∧
    Function.Injective (Rat.cast : ℚ → ℝ) ∧
    (∀ S : Set ℝ, S.Nonempty → BddAbove S → ∃ x, IsLUB S x)","The real numbers `ℝ` form a strict ordered ring, contain `ℚ` via an injective ring
homomorphism, and satisfy the least upper bound property: every nonempty set bounded above
admits a least upper bound."
228,"The canonical cast \(\mathbb{Q}\to\mathbb{R}\) is injective, ensuring that rational numbers embed faithfully into the reals.",atlas.real_analysis.1b9f1b5bf00f,real_numbers_theorem,2,external/atlas-lean/Atlas/RealAnalysis/code/RealNumbers/Basic.lean,"theorem real_numbers_theorem :
    IsStrictOrderedRing ℝ ∧
    Function.Injective (Rat.cast : ℚ → ℝ) ∧
    (∀ S : Set ℝ, S.Nonempty → BddAbove S → ∃ x, IsLUB S x)","The real numbers `ℝ` form a strict ordered ring, contain `ℚ` via an injective ring
homomorphism, and satisfy the least upper bound property: every nonempty set bounded above
admits a least upper bound."
229,"For any nonempty set \(S\subseteq\mathbb{R}\) bounded above, choosing \(x=\sup S\) and invoking completeness of \(\mathbb{R}\) proves that \(x\) is the least upper bound of \(S\).",atlas.real_analysis.1b9f1b5bf00f,real_numbers_theorem,3,external/atlas-lean/Atlas/RealAnalysis/code/RealNumbers/Basic.lean,"theorem real_numbers_theorem :
    IsStrictOrderedRing ℝ ∧
    Function.Injective (Rat.cast : ℚ → ℝ) ∧
    (∀ S : Set ℝ, S.Nonempty → BddAbove S → ∃ x, IsLUB S x)","The real numbers `ℝ` form a strict ordered ring, contain `ℚ` via an injective ring
homomorphism, and satisfy the least upper bound property: every nonempty set bounded above
admits a least upper bound."
230,"Conditional completeness forces \(F\) to be Archimedean, since a hypothetical upper bound for the natural numbers would yield a supremum contradicted by translation by \(1\).",atlas.real_analysis.98296013f8c5,real_uniqueness_up_to_iso,1,external/atlas-lean/Atlas/RealAnalysis/code/RealNumbers/Basic.lean,"theorem real_uniqueness_up_to_iso
    (F : Type*) [Field F] [LinearOrder F] [IsStrictOrderedRing F]
    [ConditionallyCompleteLinearOrder F] :
    Nonempty (F ≃+*o ℝ)","Uniqueness (up to ordered ring isomorphism) of the real numbers: any conditionally complete
linear strict ordered field `F` is isomorphic to `ℝ` as an ordered ring."
231,"Archimedeanness makes the embedded rationals order-dense in both \(F\) and \(\mathbb R\), so every element is uniquely determined by its rational lower cut.",atlas.real_analysis.98296013f8c5,real_uniqueness_up_to_iso,2,external/atlas-lean/Atlas/RealAnalysis/code/RealNumbers/Basic.lean,"theorem real_uniqueness_up_to_iso
    (F : Type*) [Field F] [LinearOrder F] [IsStrictOrderedRing F]
    [ConditionallyCompleteLinearOrder F] :
    Nonempty (F ≃+*o ℝ)","Uniqueness (up to ordered ring isomorphism) of the real numbers: any conditionally complete
linear strict ordered field `F` is isomorphic to `ℝ` as an ordered ring."
232,"Associate \(x\in F\) with the real number whose rational lower cut is \(\{q\in\mathbb Q:q<x\}\), using conditional completeness to realize this cut and prove that the correspondence preserves order, addition, multiplication, and units.",atlas.real_analysis.98296013f8c5,real_uniqueness_up_to_iso,3,external/atlas-lean/Atlas/RealAnalysis/code/RealNumbers/Basic.lean,"theorem real_uniqueness_up_to_iso
    (F : Type*) [Field F] [LinearOrder F] [IsStrictOrderedRing F]
    [ConditionallyCompleteLinearOrder F] :
    Nonempty (F ≃+*o ℝ)","Uniqueness (up to ordered ring isomorphism) of the real numbers: any conditionally complete
linear strict ordered field `F` is isomorphic to `ℝ` as an ordered ring."
233,"Construct the reverse correspondence from the same rational cuts in \(F\), and use uniqueness from rational density to show the two maps are inverse, producing an ordered ring isomorphism \(F\simeq_{+,\times,\le}\mathbb R\).",atlas.real_analysis.98296013f8c5,real_uniqueness_up_to_iso,4,external/atlas-lean/Atlas/RealAnalysis/code/RealNumbers/Basic.lean,"theorem real_uniqueness_up_to_iso
    (F : Type*) [Field F] [LinearOrder F] [IsStrictOrderedRing F]
    [ConditionallyCompleteLinearOrder F] :
    Nonempty (F ≃+*o ℝ)","Uniqueness (up to ordered ring isomorphism) of the real numbers: any conditionally complete
linear strict ordered field `F` is isomorphic to `ℝ` as an ordered ring."
234,"Choose the principal square root \(r=\sqrt2\), whose positivity and identity \((\sqrt2)^2=2\) follow from the standard square-root properties for positive and nonnegative inputs.",atlas.real_analysis.acc655918d16,sqrt2_exists_unique,1,external/atlas-lean/Atlas/RealAnalysis/code/RealNumbers/Basic.lean,"theorem sqrt2_exists_unique : ∃! r : ℝ, 0 < r ∧ r ^ 2 = 2","There exists a unique positive real number `r` with `r ^ 2 = 2`, namely `√2`; in particular
`√2 ∈ ℝ \ ℚ`."
235,"For uniqueness, use the positivity of any candidate \(y\) to recover it from its square via \(y=\sqrt{y^2}\), then substitute \(y^2=2\) to conclude \(y=\sqrt2\).",atlas.real_analysis.acc655918d16,sqrt2_exists_unique,2,external/atlas-lean/Atlas/RealAnalysis/code/RealNumbers/Basic.lean,"theorem sqrt2_exists_unique : ∃! r : ℝ, 0 < r ∧ r ^ 2 = 2","There exists a unique positive real number `r` with `r ^ 2 = 2`, namely `√2`; in particular
`√2 ∈ ℝ \ ℚ`."
236,"Unfold `BddAbove` as nonemptiness of `upperBounds E`, and unfold membership in `upperBounds E` as the condition that every \(x \in E\) satisfies \(x \le b\).",atlas.real_analysis.2c04040b19d7,bounded_above_below_iff,1,external/atlas-lean/Atlas/RealAnalysis/code/RealNumbers/OrderedSetsFields.lean,"theorem bounded_above_below_iff {α : Type*} [Preorder α] (E : Set α) :
    (BddAbove E ↔ ∃ b, ∀ x ∈ E, x ≤ b) ∧ (BddBelow E ↔ ∃ c, ∀ x ∈ E, c ≤ x)","*Bounded above and bounded below.** In a preorder, a set `E` is bounded above
iff there exists an upper bound `b` with `x ≤ b` for all `x ∈ E`, and bounded
below iff there exists a lower bound `c` with `c ≤ x` for all `x ∈ E`."
237,"Dually, unfold `BddBelow` as nonemptiness of `lowerBounds E`, and unfold membership in `lowerBounds E` as the condition that every \(x \in E\) satisfies \(c \le x\).",atlas.real_analysis.2c04040b19d7,bounded_above_below_iff,2,external/atlas-lean/Atlas/RealAnalysis/code/RealNumbers/OrderedSetsFields.lean,"theorem bounded_above_below_iff {α : Type*} [Preorder α] (E : Set α) :
    (BddAbove E ↔ ∃ b, ∀ x ∈ E, x ≤ b) ∧ (BddBelow E ↔ ∃ c, ∀ x ∈ E, c ≤ x)","*Bounded above and bounded below.** In a preorder, a set `E` is bounded above
iff there exists an upper bound `b` with `x ≤ b` for all `x ∈ E`, and bounded
below iff there exists a lower bound `c` with `c ≤ x` for all `x ∈ E`."
238,"After these definitional expansions, `simp` converts each nonemptiness statement into the required existential form, and the two equivalences are paired to prove the conjunction.",atlas.real_analysis.2c04040b19d7,bounded_above_below_iff,3,external/atlas-lean/Atlas/RealAnalysis/code/RealNumbers/OrderedSetsFields.lean,"theorem bounded_above_below_iff {α : Type*} [Preorder α] (E : Set α) :
    (BddAbove E ↔ ∃ b, ∀ x ∈ E, x ≤ b) ∧ (BddBelow E ↔ ∃ c, ∀ x ∈ E, c ≤ x)","*Bounded above and bounded below.** In a preorder, a set `E` is bounded above
iff there exists an upper bound `b` with `x ≤ b` for all `x ∈ E`, and bounded
below iff there exists a lower bound `c` with `c ≤ x` for all `x ∈ E`."
239,"Use the strictly ordered ring structure to invoke translation invariance of strict inequalities, yielding \(x+z<y+z\) from \(x<y\).",atlas.real_analysis.3ea7ba1b0f4b,ordered_field_axioms,1,external/atlas-lean/Atlas/RealAnalysis/code/RealNumbers/OrderedSetsFields.lean,"theorem ordered_field_axioms (F : Type*) [Field F] [LinearOrder F] [IsStrictOrderedRing F] :
    (∀ x y z : F, x < y → x + z < y + z) ∧
    (∀ x y : F, 0 < x → 0 < y → 0 < x * y)","*Ordered field axioms.** In an ordered field `F`, the order is compatible
with addition (`x < y` implies `x + z < y + z`) and with multiplication
(if `0 < x` and `0 < y`, then `0 < x * y`)."
240,Use positivity preservation under multiplication in a strictly ordered ring to conclude \(0<xy\) from \(0<x\) and \(0<y\).,atlas.real_analysis.3ea7ba1b0f4b,ordered_field_axioms,2,external/atlas-lean/Atlas/RealAnalysis/code/RealNumbers/OrderedSetsFields.lean,"theorem ordered_field_axioms (F : Type*) [Field F] [LinearOrder F] [IsStrictOrderedRing F] :
    (∀ x y z : F, x < y → x + z < y + z) ∧
    (∀ x y : F, 0 < x → 0 < y → 0 < x * y)","*Ordered field axioms.** In an ordered field `F`, the order is compatible
with addition (`x < y` implies `x + z < y + z`) and with multiplication
(if `0 < x` and `0 < y`, then `0 < x * y`)."
241,Prove the conjunction by supplying these two standard order-compatibility results as its respective components.,atlas.real_analysis.3ea7ba1b0f4b,ordered_field_axioms,3,external/atlas-lean/Atlas/RealAnalysis/code/RealNumbers/OrderedSetsFields.lean,"theorem ordered_field_axioms (F : Type*) [Field F] [LinearOrder F] [IsStrictOrderedRing F] :
    (∀ x y z : F, x < y → x + z < y + z) ∧
    (∀ x y : F, 0 < x → 0 < y → 0 < x * y)","*Ordered field axioms.** In an ordered field `F`, the order is compatible
with addition (`x < y` implies `x + z < y + z`) and with multiplication
(if `0 < x` and `0 < y`, then `0 < x * y`)."
242,"Use the `Field F` typeclass to invoke the standard commutativity, associativity, identity, inverse, and distributivity lemmas directly.",atlas.real_analysis.d98ecaeef19d,field_axioms,1,external/atlas-lean/Atlas/RealAnalysis/code/RealNumbers/OrderedSetsFields.lean,"theorem field_axioms (F : Type*) [Field F] :
    (∀ x y : F, x + y = y + x) ∧
    (∀ x y z : F, (x + y) + z = x + (y + z)) ∧
    (∃ zero : F, ∀ x, zero + x = x) ∧
    (∀ x : F, ∃ y, x + y = 0) ∧
    (∀ x y : F, x * y = y * x) ∧
    (∀ x y z : F, (x * y) * z = x * (y * z)) ∧
    (∃ one : F, ∀ x, one * x = x) ∧
    (∀ x : F, x ≠ 0 → ∃ y, x * y = 1) ∧
    (∀ x y z : F, (x + y) * z = x * z + y * z)","*Field axioms.** A field `F` satisfies the addition axioms (A1-A5:
commutativity, associativity, existence of `0`, additive inverses), the
multiplication axioms (M1-M5: commutativity, associativity, existence of `1`,
multiplicative inverses for nonzero elements), and the distributive law (D)."
243,"Satisfy the existential additive axioms with the canonical witnesses \(0\) for the identity and \(-x\) for the inverse, justified by `zero_add` and `add_neg_cancel`.",atlas.real_analysis.d98ecaeef19d,field_axioms,2,external/atlas-lean/Atlas/RealAnalysis/code/RealNumbers/OrderedSetsFields.lean,"theorem field_axioms (F : Type*) [Field F] :
    (∀ x y : F, x + y = y + x) ∧
    (∀ x y z : F, (x + y) + z = x + (y + z)) ∧
    (∃ zero : F, ∀ x, zero + x = x) ∧
    (∀ x : F, ∃ y, x + y = 0) ∧
    (∀ x y : F, x * y = y * x) ∧
    (∀ x y z : F, (x * y) * z = x * (y * z)) ∧
    (∃ one : F, ∀ x, one * x = x) ∧
    (∀ x : F, x ≠ 0 → ∃ y, x * y = 1) ∧
    (∀ x y z : F, (x + y) * z = x * z + y * z)","*Field axioms.** A field `F` satisfies the addition axioms (A1-A5:
commutativity, associativity, existence of `0`, additive inverses), the
multiplication axioms (M1-M5: commutativity, associativity, existence of `1`,
multiplicative inverses for nonzero elements), and the distributive law (D)."
244,"Satisfy the existential multiplicative axioms with the canonical witnesses \(1\) for the identity and \(x^{-1}\) for the inverse, using the hypothesis \(x \ne 0\) in `mul_inv_cancel₀`.",atlas.real_analysis.d98ecaeef19d,field_axioms,3,external/atlas-lean/Atlas/RealAnalysis/code/RealNumbers/OrderedSetsFields.lean,"theorem field_axioms (F : Type*) [Field F] :
    (∀ x y : F, x + y = y + x) ∧
    (∀ x y z : F, (x + y) + z = x + (y + z)) ∧
    (∃ zero : F, ∀ x, zero + x = x) ∧
    (∀ x : F, ∃ y, x + y = 0) ∧
    (∀ x y : F, x * y = y * x) ∧
    (∀ x y z : F, (x * y) * z = x * (y * z)) ∧
    (∃ one : F, ∀ x, one * x = x) ∧
    (∀ x : F, x ≠ 0 → ∃ y, x * y = 1) ∧
    (∀ x y z : F, (x + y) * z = x * z + y * z)","*Field axioms.** A field `F` satisfies the addition axioms (A1-A5:
commutativity, associativity, existence of `0`, additive inverses), the
multiplication axioms (M1-M5: commutativity, associativity, existence of `1`,
multiplicative inverses for nonzero elements), and the distributive law (D)."
245,Assemble all nine axioms in the exact nested-conjunction order of the goal via a single tuple constructed with `refine ⟨\ldots⟩`.,atlas.real_analysis.d98ecaeef19d,field_axioms,4,external/atlas-lean/Atlas/RealAnalysis/code/RealNumbers/OrderedSetsFields.lean,"theorem field_axioms (F : Type*) [Field F] :
    (∀ x y : F, x + y = y + x) ∧
    (∀ x y z : F, (x + y) + z = x + (y + z)) ∧
    (∃ zero : F, ∀ x, zero + x = x) ∧
    (∀ x : F, ∃ y, x + y = 0) ∧
    (∀ x y : F, x * y = y * x) ∧
    (∀ x y z : F, (x * y) * z = x * (y * z)) ∧
    (∃ one : F, ∀ x, one * x = x) ∧
    (∀ x : F, x ≠ 0 → ∃ y, x * y = 1) ∧
    (∀ x y z : F, (x + y) * z = x * z + y * z)","*Field axioms.** A field `F` satisfies the addition axioms (A1-A5:
commutativity, associativity, existence of `0`, additive inverses), the
multiplication axioms (M1-M5: commutativity, associativity, existence of `1`,
multiplicative inverses for nonzero elements), and the distributive law (D)."
246,"Translate countability of \((0,1]\) into the cardinal inequality \(\lvert(0,1]\rvert \le \aleph_0\), so uncountability becomes the strict reverse inequality.",atlas.real_analysis.e8c8f6ce6b7f,Ioc_zero_one_uncountable,1,external/atlas-lean/Atlas/RealAnalysis/code/RealNumbers/Uncountability.lean,theorem Ioc_zero_one_uncountable : ¬ Set.Countable (Set.Ioc (0:ℝ) 1),"Cantor's theorem: the half-open interval `(0, 1]` of real numbers is uncountable."
247,"Use \(0<1\) and the fact that every nondegenerate real interval has cardinality continuum to identify \(\lvert(0,1]\rvert=\mathfrak c\).",atlas.real_analysis.e8c8f6ce6b7f,Ioc_zero_one_uncountable,2,external/atlas-lean/Atlas/RealAnalysis/code/RealNumbers/Uncountability.lean,theorem Ioc_zero_one_uncountable : ¬ Set.Countable (Set.Ioc (0:ℝ) 1),"Cantor's theorem: the half-open interval `(0, 1]` of real numbers is uncountable."
248,"Apply Cantor’s theorem \(\aleph_0<\mathfrak c\) to rule out \(\lvert(0,1]\rvert\le\aleph_0\).",atlas.real_analysis.e8c8f6ce6b7f,Ioc_zero_one_uncountable,3,external/atlas-lean/Atlas/RealAnalysis/code/RealNumbers/Uncountability.lean,theorem Ioc_zero_one_uncountable : ¬ Set.Countable (Set.Ioc (0:ℝ) 1),"Cantor's theorem: the half-open interval `(0, 1]` of real numbers is uncountable."
249,Cantor’s diagonal argument shows that the power set \(\mathcal P(\mathbb N)\) is uncountable because every proposed enumeration omits a diagonally constructed subset.,atlas.real_analysis.79478ee913cd,real_uncountable,1,external/atlas-lean/Atlas/RealAnalysis/code/RealNumbers/Uncountability.lean,theorem real_uncountable : ¬ Set.Countable (Set.univ : Set ℝ),Corollary of Cantor's theorem: the set of real numbers `ℝ` is uncountable.
250,"An injection from \(\mathcal P(\mathbb N)\) into \(\mathbb R\), such as encoding subsets by ternary expansions using only \(0\) and \(2\), transfers this uncountability to the real numbers.",atlas.real_analysis.79478ee913cd,real_uncountable,2,external/atlas-lean/Atlas/RealAnalysis/code/RealNumbers/Uncountability.lean,theorem real_uncountable : ¬ Set.Countable (Set.univ : Set ℝ),Corollary of Cantor's theorem: the set of real numbers `ℝ` is uncountable.
251,"The Lean proof invokes `Cardinal.not_countable_real`, a packaged cardinality result that directly establishes that the universal set of real numbers is not countable.",atlas.real_analysis.79478ee913cd,real_uncountable,3,external/atlas-lean/Atlas/RealAnalysis/code/RealNumbers/Uncountability.lean,theorem real_uncountable : ¬ Set.Countable (Set.univ : Set ℝ),Corollary of Cantor's theorem: the set of real numbers `ℝ` is uncountable.
252,"Rewrite convergence along `Filter.atTop` using `Metric.tendsto_atTop`, which turns the filter statement into the explicit \(\varepsilon\)–\(N\) condition \(\forall \varepsilon>0,\exists M,\forall n\ge M\).",atlas.real_analysis.b994f1398d46,seq_converges_iff,1,external/atlas-lean/Atlas/RealAnalysis/code/Sequences/Basic.lean,"theorem seq_converges_iff (x : ℕ → ℝ) (L : ℝ) :
    Filter.Tendsto x Filter.atTop (nhds L) ↔
    ∀ ε > 0, ∃ M : ℕ, ∀ n ≥ M, |x n - L| < ε","ε–N characterization of convergence: `x n → L` if and only if for every `ε > 0`
there exists `M : ℕ` such that `|x n - L| < ε` for all `n ≥ M`."
253,"Replace the real-valued metric distance with absolute difference via `Real.dist_eq`, yielding \(d(x_n,L)=|x_n-L|\) and exactly the desired statement.",atlas.real_analysis.b994f1398d46,seq_converges_iff,2,external/atlas-lean/Atlas/RealAnalysis/code/Sequences/Basic.lean,"theorem seq_converges_iff (x : ℕ → ℝ) (L : ℝ) :
    Filter.Tendsto x Filter.atTop (nhds L) ↔
    ∀ ε > 0, ∃ M : ℕ, ∀ n ≥ M, |x n - L| < ε","ε–N characterization of convergence: `x n → L` if and only if for every `ε > 0`
there exists `M : ℕ` such that `|x n - L| < ε` for all `n ≥ M`."
254,Recognize that convergence in \(\mathbb{R}\) is order-squeezable: a function bounded between two functions tending to the same limit must tend to that limit.,atlas.real_analysis.8aaf9bffdfc5,squeeze_theorem,1,external/atlas-lean/Atlas/RealAnalysis/code/Sequences/Basic.lean,"theorem squeeze_theorem (a x b : ℕ → ℝ) (L : ℝ)
    (hab : ∀ n, a n ≤ x n) (hxb : ∀ n, x n ≤ b n)
    (ha : Filter.Tendsto a Filter.atTop (nhds L))
    (hb : Filter.Tendsto b Filter.atTop (nhds L)) :
    Filter.Tendsto x Filter.atTop (nhds L)","Squeeze (sandwich) theorem for real sequences: if `a n ≤ x n ≤ b n` for all `n`
and both `a` and `b` converge to the same limit `L`, then `x` also converges to `L`."
255,"Apply `tendsto_of_tendsto_of_tendsto_of_le_of_le` directly with the convergences `ha`, `hb` and pointwise bounds `hab`, `hxb`.",atlas.real_analysis.8aaf9bffdfc5,squeeze_theorem,2,external/atlas-lean/Atlas/RealAnalysis/code/Sequences/Basic.lean,"theorem squeeze_theorem (a x b : ℕ → ℝ) (L : ℝ)
    (hab : ∀ n, a n ≤ x n) (hxb : ∀ n, x n ≤ b n)
    (ha : Filter.Tendsto a Filter.atTop (nhds L))
    (hb : Filter.Tendsto b Filter.atTop (nhds L)) :
    Filter.Tendsto x Filter.atTop (nhds L)","Squeeze (sandwich) theorem for real sequences: if `a n ≤ x n ≤ b n` for all `n`
and both `a` and `b` converge to the same limit `L`, then `x` also converges to `L`."
256,Rewrite `CauchySeq x` using `Metric.cauchySeq_iff` to expose the explicit ε–index characterization of a Cauchy sequence.,atlas.real_analysis.96a9359e4c81,cauchy_seq_iff,1,external/atlas-lean/Atlas/RealAnalysis/code/Sequences/Cauchy.lean,"theorem cauchy_seq_iff (x : ℕ → ℝ) :
    CauchySeq x ↔ ∀ ε > 0, ∃ M : ℕ, ∀ n k, n ≥ M → k ≥ M → |x n - x k| < ε","A real sequence `x` is Cauchy (in the Mathlib sense, `CauchySeq x`) if and only if it
satisfies the textbook Cauchy criterion: for every `ε > 0` there exists `M : ℕ` such
that `|x n - x k| < ε` whenever `n, k ≥ M`."
257,"Use the real-number identity `Real.dist_eq`, namely `dist a b = |a - b|`, to convert the metric inequality into the textbook absolute-difference inequality and conversely.",atlas.real_analysis.96a9359e4c81,cauchy_seq_iff,2,external/atlas-lean/Atlas/RealAnalysis/code/Sequences/Cauchy.lean,"theorem cauchy_seq_iff (x : ℕ → ℝ) :
    CauchySeq x ↔ ∀ ε > 0, ∃ M : ℕ, ∀ n k, n ≥ M → k ≥ M → |x n - x k| < ε","A real sequence `x` is Cauchy (in the Mathlib sense, `CauchySeq x`) if and only if it
satisfies the textbook Cauchy criterion: for every `ε > 0` there exists `M : ℕ` such
that `|x n - x k| < ε` whenever `n, k ≥ M`."
258,"In each implication, reuse the same threshold index and hypotheses, since only the notation for the distance changes.",atlas.real_analysis.96a9359e4c81,cauchy_seq_iff,3,external/atlas-lean/Atlas/RealAnalysis/code/Sequences/Cauchy.lean,"theorem cauchy_seq_iff (x : ℕ → ℝ) :
    CauchySeq x ↔ ∀ ε > 0, ∃ M : ℕ, ∀ n k, n ≥ M → k ≥ M → |x n - x k| < ε","A real sequence `x` is Cauchy (in the Mathlib sense, `CauchySeq x`) if and only if it
satisfies the textbook Cauchy criterion: for every `ε > 0` there exists `M : ℕ` such
that `|x n - x k| < ε` whenever `n, k ≥ M`."
259,"The forward implication relies on the completeness of \(\mathbb{R}\), which ensures that every Cauchy sequence has a real limit.",atlas.real_analysis.0b0070d60c5c,cauchy_iff_convergent,1,external/atlas-lean/Atlas/RealAnalysis/code/Sequences/Cauchy.lean,"theorem cauchy_iff_convergent (x : ℕ → ℝ) :
    CauchySeq x ↔ ∃ L : ℝ, Filter.Tendsto x Filter.atTop (nhds L)","Cauchy completeness of the reals: a real sequence is Cauchy if and only if it
converges to some limit `L : ℝ`."
260,"The reverse implication uses the general principle that every convergent sequence is Cauchy, obtained by comparing two late terms through their common limit via the triangle inequality.",atlas.real_analysis.0b0070d60c5c,cauchy_iff_convergent,2,external/atlas-lean/Atlas/RealAnalysis/code/Sequences/Cauchy.lean,"theorem cauchy_iff_convergent (x : ℕ → ℝ) :
    CauchySeq x ↔ ∃ L : ℝ, Filter.Tendsto x Filter.atTop (nhds L)","Cauchy completeness of the reals: a real sequence is Cauchy if and only if it
converges to some limit `L : ℝ`."
261,Convert the global upper and lower bounds on `Set.range x` into the filter-theoretic boundedness and coboundedness hypotheses required by the `limsup` comparison lemmas.,atlas.real_analysis.acf6d7b27bc7,limsup_eq_lim_sup_tail,1,external/atlas-lean/Atlas/RealAnalysis/code/Sequences/LimSupInf.lean,"theorem limsup_eq_lim_sup_tail (x : ℕ → ℝ) (hb : BddAbove (Set.range x))
    (hb' : BddBelow (Set.range x)) :
    Filter.limsup x Filter.atTop = ⨅ n : ℕ, ⨆ i : ℕ, x (i + n)","For a bounded real sequence `x : ℕ → ℝ`, the filter-theoretic `limsup` along
`atTop` agrees with the textbook definition
`limsup x = inf_{n} sup_{k ≥ n} x k`, here written as
`⨅ n, ⨆ i, x (i + n)`.

This realizes the informal definition: for bounded `{xₙ}`,
`limsup xₙ := lim_{n→∞} sup{xₖ : k ≥ n}`."
262,"Use the same bounds to show that every tail has a bounded-above supremum and that the sequence of tail suprema is bounded below, ensuring all `ciSup` and `ciInf` inequalities are applicable.",atlas.real_analysis.acf6d7b27bc7,limsup_eq_lim_sup_tail,2,external/atlas-lean/Atlas/RealAnalysis/code/Sequences/LimSupInf.lean,"theorem limsup_eq_lim_sup_tail (x : ℕ → ℝ) (hb : BddAbove (Set.range x))
    (hb' : BddBelow (Set.range x)) :
    Filter.limsup x Filter.atTop = ⨅ n : ℕ, ⨆ i : ℕ, x (i + n)","For a bounded real sequence `x : ℕ → ℝ`, the filter-theoretic `limsup` along
`atTop` agrees with the textbook definition
`limsup x = inf_{n} sup_{k ≥ n} x k`, here written as
`⨅ n, ⨆ i, x (i + n)`.

This realizes the informal definition: for bounded `{xₙ}`,
`limsup xₙ := lim_{n→∞} sup{xₖ : k ≥ n}`."
263,"For each fixed `n`, observe that eventually `m ≥ n`, so `m = (m - n) + n` and hence `x m ≤ ⨆ i, x (i + n)`, proving `limsup x ≤` every tail supremum and therefore their infimum.",atlas.real_analysis.acf6d7b27bc7,limsup_eq_lim_sup_tail,3,external/atlas-lean/Atlas/RealAnalysis/code/Sequences/LimSupInf.lean,"theorem limsup_eq_lim_sup_tail (x : ℕ → ℝ) (hb : BddAbove (Set.range x))
    (hb' : BddBelow (Set.range x)) :
    Filter.limsup x Filter.atTop = ⨅ n : ℕ, ⨆ i : ℕ, x (i + n)","For a bounded real sequence `x : ℕ → ℝ`, the filter-theoretic `limsup` along
`atTop` agrees with the textbook definition
`limsup x = inf_{n} sup_{k ≥ n} x k`, here written as
`⨅ n, ⨆ i, x (i + n)`.

This realizes the informal definition: for bounded `{xₙ}`,
`limsup xₙ := lim_{n→∞} sup{xₖ : k ≥ n}`."
264,"For the reverse inequality, use the characterization that it suffices to show the infimum of tail suprema lies below every eventual upper bound of `x`.",atlas.real_analysis.acf6d7b27bc7,limsup_eq_lim_sup_tail,4,external/atlas-lean/Atlas/RealAnalysis/code/Sequences/LimSupInf.lean,"theorem limsup_eq_lim_sup_tail (x : ℕ → ℝ) (hb : BddAbove (Set.range x))
    (hb' : BddBelow (Set.range x)) :
    Filter.limsup x Filter.atTop = ⨅ n : ℕ, ⨆ i : ℕ, x (i + n)","For a bounded real sequence `x : ℕ → ℝ`, the filter-theoretic `limsup` along
`atTop` agrees with the textbook definition
`limsup x = inf_{n} sup_{k ≥ n} x k`, here written as
`⨅ n, ⨆ i, x (i + n)`.

This realizes the informal definition: for bounded `{xₙ}`,
`limsup xₙ := lim_{n→∞} sup{xₖ : k ≥ n}`."
265,"Given an eventual upper bound `b`, choose a threshold `N`; then every term of the `N`-th tail is at most `b`, so its supremum is at most `b`, while the infimum over all tails is at most that particular tail supremum.",atlas.real_analysis.acf6d7b27bc7,limsup_eq_lim_sup_tail,5,external/atlas-lean/Atlas/RealAnalysis/code/Sequences/LimSupInf.lean,"theorem limsup_eq_lim_sup_tail (x : ℕ → ℝ) (hb : BddAbove (Set.range x))
    (hb' : BddBelow (Set.range x)) :
    Filter.limsup x Filter.atTop = ⨅ n : ℕ, ⨆ i : ℕ, x (i + n)","For a bounded real sequence `x : ℕ → ℝ`, the filter-theoretic `limsup` along
`atTop` agrees with the textbook definition
`limsup x = inf_{n} sup_{k ≥ n} x k`, here written as
`⨅ n, ⨆ i, x (i + n)`.

This realizes the informal definition: for bounded `{xₙ}`,
`limsup xₙ := lim_{n→∞} sup{xₖ : k ≥ n}`."
266,"If \(x_n \to L\), the standard identities `hL.limsup_eq` and `hL.liminf_eq` show that both limsup and liminf equal \(L\), hence they equal each other.",atlas.real_analysis.cc07284d82b7,convergent_iff_limsup_eq_liminf,1,external/atlas-lean/Atlas/RealAnalysis/code/Sequences/LimSupInf.lean,"theorem convergent_iff_limsup_eq_liminf (x : ℕ → ℝ)
    (hbdd : BddAbove (Set.range x) ∧ BddBelow (Set.range x)) :
    (∃ L, Filter.Tendsto x Filter.atTop (nhds L)) ↔
    Filter.limsup x Filter.atTop = Filter.liminf x Filter.atTop","A bounded real sequence `x : ℕ → ℝ` converges to some limit `L` if and only
if its `limsup` and `liminf` (along `atTop`) coincide.

This is the standard characterization: a bounded sequence `{xₙ}` converges iff
`liminf xₙ = limsup xₙ`."
267,Global upper and lower bounds on `Set.range x` are converted into the corresponding boundedness conditions along `Filter.atTop`.,atlas.real_analysis.cc07284d82b7,convergent_iff_limsup_eq_liminf,2,external/atlas-lean/Atlas/RealAnalysis/code/Sequences/LimSupInf.lean,"theorem convergent_iff_limsup_eq_liminf (x : ℕ → ℝ)
    (hbdd : BddAbove (Set.range x) ∧ BddBelow (Set.range x)) :
    (∃ L, Filter.Tendsto x Filter.atTop (nhds L)) ↔
    Filter.limsup x Filter.atTop = Filter.liminf x Filter.atTop","A bounded real sequence `x : ℕ → ℝ` converges to some limit `L` if and only
if its `limsup` and `liminf` (along `atTop`) coincide.

This is the standard characterization: a bounded sequence `{xₙ}` converges iff
`liminf xₙ = limsup xₙ`."
268,"Conversely, after reversing the assumed equality to obtain \(\liminf x=\limsup x\), the criterion `tendsto_of_liminf_eq_limsup` yields convergence to the common value, chosen as `Filter.limsup x Filter.atTop`.",atlas.real_analysis.cc07284d82b7,convergent_iff_limsup_eq_liminf,3,external/atlas-lean/Atlas/RealAnalysis/code/Sequences/LimSupInf.lean,"theorem convergent_iff_limsup_eq_liminf (x : ℕ → ℝ)
    (hbdd : BddAbove (Set.range x) ∧ BddBelow (Set.range x)) :
    (∃ L, Filter.Tendsto x Filter.atTop (nhds L)) ↔
    Filter.limsup x Filter.atTop = Filter.liminf x Filter.atTop","A bounded real sequence `x : ℕ → ℝ` converges to some limit `L` if and only
if its `limsup` and `liminf` (along `atTop`) coincide.

This is the standard characterization: a bounded sequence `{xₙ}` converges iff
`liminf xₙ = limsup xₙ`."
269,Monotonicity gives each adjacent inequality by applying it to the basic natural-number relation \(n \le n+1\).,atlas.real_analysis.558ee9832c8c,monotone_increasing_iff,1,external/atlas-lean/Atlas/RealAnalysis/code/Sequences/Monotone.lean,"theorem monotone_increasing_iff (x : ℕ → ℝ) :
    Monotone x ↔ ∀ n : ℕ, x n ≤ x (n + 1)","A sequence `x : ℕ → ℝ` is monotone increasing (i.e. `Monotone x`) if and only if
each term is bounded above by its immediate successor: `x n ≤ x (n + 1)` for all `n`."
270,"Conversely, inequalities between successive terms imply full monotonicity because any relation \(m \le n\) can be traversed through finitely many successor steps, chaining the adjacent inequalities by transitivity.",atlas.real_analysis.558ee9832c8c,monotone_increasing_iff,2,external/atlas-lean/Atlas/RealAnalysis/code/Sequences/Monotone.lean,"theorem monotone_increasing_iff (x : ℕ → ℝ) :
    Monotone x ↔ ∀ n : ℕ, x n ≤ x (n + 1)","A sequence `x : ℕ → ℝ` is monotone increasing (i.e. `Monotone x`) if and only if
each term is bounded above by its immediate successor: `x n ≤ x (n + 1)` for all `n`."
271,"A convergent real sequence has a bounded range, so convergence immediately implies that the range of \(x\) is bounded below.",atlas.real_analysis.9125c31f969d,monotone_decreasing_convergence,1,external/atlas-lean/Atlas/RealAnalysis/code/Sequences/Monotone.lean,"theorem monotone_decreasing_convergence (x : ℕ → ℝ) (hm : Antitone x) :
    ((∃ L, Filter.Tendsto x Filter.atTop (nhds L)) ↔ BddBelow (Set.range x)) ∧
    (BddBelow (Set.range x) → Filter.Tendsto x Filter.atTop (nhds (⨅ n, x n)))","A monotone decreasing real sequence converges if and only if it is bounded below,
and in that case its limit equals the infimum of its range: a monotone decreasing
sequence `x` converges iff `BddBelow (Set.range x)`, and when bounded below, the
sequence converges to `⨅ n, x n`."
272,"For an antitone sequence whose range is bounded below, the monotone convergence theorem `tendsto_atTop_ciInf` shows that \(x_n\) converges to \(\inf_n x_n=\bigwedge_n x_n\).",atlas.real_analysis.9125c31f969d,monotone_decreasing_convergence,2,external/atlas-lean/Atlas/RealAnalysis/code/Sequences/Monotone.lean,"theorem monotone_decreasing_convergence (x : ℕ → ℝ) (hm : Antitone x) :
    ((∃ L, Filter.Tendsto x Filter.atTop (nhds L)) ↔ BddBelow (Set.range x)) ∧
    (BddBelow (Set.range x) → Filter.Tendsto x Filter.atTop (nhds (⨅ n, x n)))","A monotone decreasing real sequence converges if and only if it is bounded below,
and in that case its limit equals the infimum of its range: a monotone decreasing
sequence `x` converges iff `BddBelow (Set.range x)`, and when bounded below, the
sequence converges to `⨅ n, x n`."
273,Using this explicit infimum limit both supplies the witness for the existential convergence claim and proves the stronger assertion identifying the limit.,atlas.real_analysis.9125c31f969d,monotone_decreasing_convergence,3,external/atlas-lean/Atlas/RealAnalysis/code/Sequences/Monotone.lean,"theorem monotone_decreasing_convergence (x : ℕ → ℝ) (hm : Antitone x) :
    ((∃ L, Filter.Tendsto x Filter.atTop (nhds L)) ↔ BddBelow (Set.range x)) ∧
    (BddBelow (Set.range x) → Filter.Tendsto x Filter.atTop (nhds (⨅ n, x n)))","A monotone decreasing real sequence converges if and only if it is bounded below,
and in that case its limit equals the infimum of its range: a monotone decreasing
sequence `x` converges iff `BddBelow (Set.range x)`, and when bounded below, the
sequence converges to `⨅ n, x n`."
274,"View \(n\) as a real variable tending to \(+\infty\), so real-variable limit theorems can be transferred to sequences by composition with `tendsto_natCast_atTop_atTop`.",atlas.real_analysis.0c1af56ba22b,special_sequences,1,external/atlas-lean/Atlas/RealAnalysis/code/Sequences/SpecialSequences.lean,"theorem special_sequences :
    (∀ p : ℝ, 0 < p → Filter.Tendsto (fun n : ℕ => (n : ℝ) ^ (-p)) Filter.atTop (nhds 0)) ∧
    (∀ p : ℝ, 0 < p → Filter.Tendsto (fun n : ℕ => p ^ ((1 : ℝ) / n)) Filter.atTop (nhds 1)) ∧
    Filter.Tendsto (fun n : ℕ => (n : ℝ) ^ ((1 : ℝ) / n)) Filter.atTop (nhds 1)","Some special sequences:
1. If `p > 0`, then `n^(-p) → 0` as `n → ∞`.
2. If `p > 0`, then `p^(1/n) → 1` as `n → ∞`.
3. `n^(1/n) → 1` as `n → ∞`."
275,"For \(p>0\), apply the standard limit \(x^{-p}\to 0\) as \(x\to+\infty\) to obtain \(n^{-p}\to 0\).",atlas.real_analysis.0c1af56ba22b,special_sequences,2,external/atlas-lean/Atlas/RealAnalysis/code/Sequences/SpecialSequences.lean,"theorem special_sequences :
    (∀ p : ℝ, 0 < p → Filter.Tendsto (fun n : ℕ => (n : ℝ) ^ (-p)) Filter.atTop (nhds 0)) ∧
    (∀ p : ℝ, 0 < p → Filter.Tendsto (fun n : ℕ => p ^ ((1 : ℝ) / n)) Filter.atTop (nhds 1)) ∧
    Filter.Tendsto (fun n : ℕ => (n : ℝ) ^ ((1 : ℝ) / n)) Filter.atTop (nhds 1)","Some special sequences:
1. If `p > 0`, then `n^(-p) → 0` as `n → ∞`.
2. If `p > 0`, then `p^(1/n) → 1` as `n → ∞`.
3. `n^(1/n) → 1` as `n → ∞`."
276,"For \(p>0\), combine \(n^{-1}\to 0\) with continuity of \(x\mapsto p^x\), using \(p^0=1\) and \(1/n=n^{-1}\), to prove \(p^{1/n}\to 1\).",atlas.real_analysis.0c1af56ba22b,special_sequences,3,external/atlas-lean/Atlas/RealAnalysis/code/Sequences/SpecialSequences.lean,"theorem special_sequences :
    (∀ p : ℝ, 0 < p → Filter.Tendsto (fun n : ℕ => (n : ℝ) ^ (-p)) Filter.atTop (nhds 0)) ∧
    (∀ p : ℝ, 0 < p → Filter.Tendsto (fun n : ℕ => p ^ ((1 : ℝ) / n)) Filter.atTop (nhds 1)) ∧
    Filter.Tendsto (fun n : ℕ => (n : ℝ) ^ ((1 : ℝ) / n)) Filter.atTop (nhds 1)","Some special sequences:
1. If `p > 0`, then `n^(-p) → 0` as `n → ∞`.
2. If `p > 0`, then `p^(1/n) → 1` as `n → ∞`.
3. `n^(1/n) → 1` as `n → ∞`."
277,Apply the standard real limit \(x^{1/x}\to 1\) as \(x\to+\infty\) and compose it with the natural-number embedding to conclude \(n^{1/n}\to 1\).,atlas.real_analysis.0c1af56ba22b,special_sequences,4,external/atlas-lean/Atlas/RealAnalysis/code/Sequences/SpecialSequences.lean,"theorem special_sequences :
    (∀ p : ℝ, 0 < p → Filter.Tendsto (fun n : ℕ => (n : ℝ) ^ (-p)) Filter.atTop (nhds 0)) ∧
    (∀ p : ℝ, 0 < p → Filter.Tendsto (fun n : ℕ => p ^ ((1 : ℝ) / n)) Filter.atTop (nhds 1)) ∧
    Filter.Tendsto (fun n : ℕ => (n : ℝ) ^ ((1 : ℝ) / n)) Filter.atTop (nhds 1)","Some special sequences:
1. If `p > 0`, then `n^(-p) → 0` as `n → ∞`.
2. If `p > 0`, then `p^(1/n) → 1` as `n → ∞`.
3. `n^(1/n) → 1` as `n → ∞`."
278,"Apply `tendsto_subseq_of_bounded` to the bounded range of \(x\), using that every term \(x_n\) belongs to `Set.range x`, to obtain a strictly increasing subsequence converging to some \(a\in\mathbb R\).",atlas.real_analysis.c3ff234fb77c,bolzano_weierstrass,1,external/atlas-lean/Atlas/RealAnalysis/code/Sequences/Subsequences.lean,"theorem bolzano_weierstrass (x : ℕ → ℝ) (hb : Bornology.IsBounded (Set.range x)) :
    ∃ φ : ℕ → ℕ, StrictMono φ ∧ ∃ L, Filter.Tendsto (x ∘ φ) Filter.atTop (nhds L)","Bolzano–Weierstrass theorem for real sequences: every bounded real sequence has a
convergent subsequence, i.e. a strictly increasing `φ : ℕ → ℕ` and a limit `L : ℝ`
with `x ∘ φ → L`."
279,"Repackage the resulting witnesses \(\varphi\), its strict monotonicity, the limit \(a\), and the convergence proof in exactly the existential form required by the theorem.",atlas.real_analysis.c3ff234fb77c,bolzano_weierstrass,2,external/atlas-lean/Atlas/RealAnalysis/code/Sequences/Subsequences.lean,"theorem bolzano_weierstrass (x : ℕ → ℝ) (hb : Bornology.IsBounded (Set.range x)) :
    ∃ φ : ℕ → ℕ, StrictMono φ ∧ ∃ L, Filter.Tendsto (x ∘ φ) Filter.atTop (nhds L)","Bolzano–Weierstrass theorem for real sequences: every bounded real sequence has a
convergent subsequence, i.e. a strictly increasing `φ : ℕ → ℕ` and a limit `L : ℝ`
with `x ∘ φ → L`."
280,"Strict monotonicity of \(\varphi:\mathbb N\to\mathbb N\) guarantees that \(\varphi(n)\to\infty\), formalized by `hφ.tendsto_atTop`.",atlas.real_analysis.085ddc47fe28,subseq_tendsto,1,external/atlas-lean/Atlas/RealAnalysis/code/Sequences/Subsequences.lean,"theorem subseq_tendsto (x : ℕ → ℝ) (L : ℝ) (φ : ℕ → ℕ) (hφ : StrictMono φ)
    (hx : Filter.Tendsto x Filter.atTop (nhds L)) :
    Filter.Tendsto (x ∘ φ) Filter.atTop (nhds L)","If a real sequence `x` converges to `L`, then every subsequence `x ∘ φ` (with
`φ : ℕ → ℕ` strictly increasing) also converges to `L`."
281,"The convergence \(x\to L\) can then be composed with \(\varphi\to\infty\), so `hx.comp hφ.tendsto_atTop` proves \(x\circ\varphi\to L\).",atlas.real_analysis.085ddc47fe28,subseq_tendsto,2,external/atlas-lean/Atlas/RealAnalysis/code/Sequences/Subsequences.lean,"theorem subseq_tendsto (x : ℕ → ℝ) (L : ℝ) (φ : ℕ → ℕ) (hφ : StrictMono φ)
    (hx : Filter.Tendsto x Filter.atTop (nhds L)) :
    Filter.Tendsto (x ∘ φ) Filter.atTop (nhds L)","If a real sequence `x` converges to `L`, then every subsequence `x ∘ φ` (with
`φ : ℕ → ℕ` strictly increasing) also converges to `L`."
282,The bijection \(\sigma : \mathbb N \simeq \mathbb N\) allows summability and sums to be transported unchanged via `Equiv.summable_iff` and `Equiv.hasSum_iff`.,atlas.real_analysis.4e6181963bde,abs_convergent_rearrangement,1,external/atlas-lean/Atlas/RealAnalysis/code/Series/Basic.lean,"theorem abs_convergent_rearrangement (x : ℕ → ℝ) (σ : ℕ ≃ ℕ)
    (habs : Summable (fun n => |x n|)) (hsum : HasSum x s) :
    Summable (fun n => |x (σ n)|) ∧ HasSum (x ∘ σ) s","Rearrangement theorem for absolutely convergent series: if `∑ |x n|` is summable
and `∑ x n` has sum `s`, then for any permutation `σ : ℕ ≃ ℕ` the rearranged series
`∑ x (σ n)` is also absolutely convergent and has the same sum `s`."
283,Applying summability invariance to \(n \mapsto |x_n|\) proves that the rearranged absolute-value series \(n \mapsto |x_{\sigma(n)}|\) is summable.,atlas.real_analysis.4e6181963bde,abs_convergent_rearrangement,2,external/atlas-lean/Atlas/RealAnalysis/code/Series/Basic.lean,"theorem abs_convergent_rearrangement (x : ℕ → ℝ) (σ : ℕ ≃ ℕ)
    (habs : Summable (fun n => |x n|)) (hsum : HasSum x s) :
    Summable (fun n => |x (σ n)|) ∧ HasSum (x ∘ σ) s","Rearrangement theorem for absolutely convergent series: if `∑ |x n|` is summable
and `∑ x n` has sum `s`, then for any permutation `σ : ℕ ≃ ℕ` the rearranged series
`∑ x (σ n)` is also absolutely convergent and has the same sum `s`."
284,Applying sum invariance to \(x\) proves that the rearranged family \(x \circ \sigma\) still has sum \(s\).,atlas.real_analysis.4e6181963bde,abs_convergent_rearrangement,3,external/atlas-lean/Atlas/RealAnalysis/code/Series/Basic.lean,"theorem abs_convergent_rearrangement (x : ℕ → ℝ) (σ : ℕ ≃ ℕ)
    (habs : Summable (fun n => |x n|)) (hsum : HasSum x s) :
    Summable (fun n => |x (σ n)|) ∧ HasSum (x ∘ σ) s","Rearrangement theorem for absolutely convergent series: if `∑ |x n|` is summable
and `∑ x n` has sum `s`, then for any permutation `σ : ℕ ≃ ℕ` the rearranged series
`∑ x (σ n)` is also absolutely convergent and has the same sum `s`."
285,"Apply `Summable.of_nonneg_of_le` to the pointwise bounds \(0 \le x_n \le y_n\), obtaining `Summable y → Summable x`.",atlas.real_analysis.81befce4dbe1,comparison_test,1,external/atlas-lean/Atlas/RealAnalysis/code/Series/ConvergenceTests.lean,"theorem comparison_test (x y : ℕ → ℝ) (hx : ∀ n, 0 ≤ x n) (hxy : ∀ n, x n ≤ y n) :
    (Summable y → Summable x) ∧ (¬ Summable x → ¬ Summable y)","*Comparison Test for series of real numbers.**
If `0 ≤ x n ≤ y n` for every `n`, then:
1. summability of `y` implies summability of `x`, and
2. non-summability of `x` implies non-summability of `y`
(the latter being the contrapositive of the former)."
286,"Derive `¬ Summable x → ¬ Summable y` as the contrapositive: if \(y\) were summable, the first implication would make \(x\) summable, contradicting the hypothesis.",atlas.real_analysis.81befce4dbe1,comparison_test,2,external/atlas-lean/Atlas/RealAnalysis/code/Series/ConvergenceTests.lean,"theorem comparison_test (x y : ℕ → ℝ) (hx : ∀ n, 0 ≤ x n) (hxy : ∀ n, x n ≤ y n) :
    (Summable y → Summable x) ∧ (¬ Summable x → ¬ Summable y)","*Comparison Test for series of real numbers.**
If `0 ≤ x n ≤ y n` for every `n`, then:
1. summability of `y` implies summability of `x`, and
2. non-summability of `x` implies non-summability of `y`
(the latter being the contrapositive of the former)."
287,"Since every root term \(|x_n|^{1/n}\) is nonnegative, its limit \(L\) is nonnegative, allowing a geometric ratio \(r\) with \(0\le L<r<1\) when \(L<1\).",atlas.real_analysis.f074c78bc249,root_test,1,external/atlas-lean/Atlas/RealAnalysis/code/Series/ConvergenceTests.lean,"theorem root_test (x : ℕ → ℝ) (L : ℝ)
    (hL : Tendsto (fun n => |x n| ^ ((1 : ℝ) / n)) atTop (nhds L)) :
    (L < 1 → Summable (fun n => |x n|)) ∧ (1 < L → ¬ Summable x)","*Root Test (Cauchy's root test).**
Suppose `L = lim |x n| ^ (1/n)` exists. Then:
1. if `L < 1`, the series `∑ |x n|` converges (so `∑ x n` converges absolutely);
2. if `L > 1`, the series `∑ x n` diverges."
288,"Convergence of the root sequence turns the strict limit bounds into eventual inequalities: \(|x_n|^{1/n}<r\) if \(L<1\), and \(|x_n|^{1/n}>1\) if \(L>1\).",atlas.real_analysis.f074c78bc249,root_test,2,external/atlas-lean/Atlas/RealAnalysis/code/Series/ConvergenceTests.lean,"theorem root_test (x : ℕ → ℝ) (L : ℝ)
    (hL : Tendsto (fun n => |x n| ^ ((1 : ℝ) / n)) atTop (nhds L)) :
    (L < 1 → Summable (fun n => |x n|)) ∧ (1 < L → ¬ Summable x)","*Root Test (Cauchy's root test).**
Suppose `L = lim |x n| ^ (1/n)` exists. Then:
1. if `L < 1`, the series `∑ |x n|` converges (so `∑ x n` converges absolutely);
2. if `L > 1`, the series `∑ x n` diverges."
289,Restricting to \(n\ge1\) permits raising these inequalities to the \(n\)-th power and using \(\bigl(|x_n|^{1/n}\bigr)^n=|x_n|\).,atlas.real_analysis.f074c78bc249,root_test,3,external/atlas-lean/Atlas/RealAnalysis/code/Series/ConvergenceTests.lean,"theorem root_test (x : ℕ → ℝ) (L : ℝ)
    (hL : Tendsto (fun n => |x n| ^ ((1 : ℝ) / n)) atTop (nhds L)) :
    (L < 1 → Summable (fun n => |x n|)) ∧ (1 < L → ¬ Summable x)","*Root Test (Cauchy's root test).**
Suppose `L = lim |x n| ^ (1/n)` exists. Then:
1. if `L < 1`, the series `∑ |x n|` converges (so `∑ x n` converges absolutely);
2. if `L > 1`, the series `∑ x n` diverges."
290,"In the case \(L<1\), the resulting eventual bound \(|x_n|\le r^n\) proves summability by comparison with the convergent geometric series \(\sum r^n\).",atlas.real_analysis.f074c78bc249,root_test,4,external/atlas-lean/Atlas/RealAnalysis/code/Series/ConvergenceTests.lean,"theorem root_test (x : ℕ → ℝ) (L : ℝ)
    (hL : Tendsto (fun n => |x n| ^ ((1 : ℝ) / n)) atTop (nhds L)) :
    (L < 1 → Summable (fun n => |x n|)) ∧ (1 < L → ¬ Summable x)","*Root Test (Cauchy's root test).**
Suppose `L = lim |x n| ^ (1/n)` exists. Then:
1. if `L < 1`, the series `∑ |x n|` converges (so `∑ x n` converges absolutely);
2. if `L > 1`, the series `∑ x n` diverges."
291,"In the case \(L>1\), the resulting eventual bound \(|x_n|>1\) contradicts the necessary condition \(x_n\to0\) for convergence of \(\sum x_n\), proving divergence.",atlas.real_analysis.f074c78bc249,root_test,5,external/atlas-lean/Atlas/RealAnalysis/code/Series/ConvergenceTests.lean,"theorem root_test (x : ℕ → ℝ) (L : ℝ)
    (hL : Tendsto (fun n => |x n| ^ ((1 : ℝ) / n)) atTop (nhds L)) :
    (L < 1 → Summable (fun n => |x n|)) ∧ (1 < L → ¬ Summable x)","*Root Test (Cauchy's root test).**
Suppose `L = lim |x n| ^ (1/n)` exists. Then:
1. if `L < 1`, the series `∑ |x n|` converges (so `∑ x n` converges absolutely);
2. if `L > 1`, the series `∑ x n` diverges."
292,"Split the theorem into the two cases \(L<1\) and \(L>1\), corresponding to the convergent and divergent forms of the ratio test.",atlas.real_analysis.c86b2578bcc4,ratio_test,1,external/atlas-lean/Atlas/RealAnalysis/code/Series/ConvergenceTests.lean,"theorem ratio_test (x : ℕ → ℝ) (L : ℝ) (hx : ∀ n, x n ≠ 0)
    (hL : Filter.Tendsto (fun n => |x (n+1)| / |x n|) Filter.atTop (nhds L)) :
    (L < 1 → Summable (fun n => |x n|)) ∧ (1 < L → ¬ Summable x)","*Ratio Test (d'Alembert's ratio test).**
Suppose `x n ≠ 0` for every `n` and `L = lim |x (n+1)| / |x n|` exists. Then:
1. if `L < 1`, the series `∑ |x n|` converges (so `∑ x n` converges absolutely);
2. if `L > 1`, the series `∑ x n` diverges."
293,"For \(L<1\), apply the ratio test to \(a_n=|x_n|\), using \(x_n\neq0\) to establish that \(a_n\) is eventually nonzero.",atlas.real_analysis.c86b2578bcc4,ratio_test,2,external/atlas-lean/Atlas/RealAnalysis/code/Series/ConvergenceTests.lean,"theorem ratio_test (x : ℕ → ℝ) (L : ℝ) (hx : ∀ n, x n ≠ 0)
    (hL : Filter.Tendsto (fun n => |x (n+1)| / |x n|) Filter.atTop (nhds L)) :
    (L < 1 → Summable (fun n => |x n|)) ∧ (1 < L → ¬ Summable x)","*Ratio Test (d'Alembert's ratio test).**
Suppose `x n ≠ 0` for every `n` and `L = lim |x (n+1)| / |x n|` exists. Then:
1. if `L < 1`, the series `∑ |x n|` converges (so `∑ x n` converges absolutely);
2. if `L > 1`, the series `∑ x n` diverges."
294,Rewrite real norms as absolute values (and use \(||x_n||=|x_n|\)) so that the ratio limits required by the library lemmas coincide exactly with the given limit hypothesis.,atlas.real_analysis.c86b2578bcc4,ratio_test,3,external/atlas-lean/Atlas/RealAnalysis/code/Series/ConvergenceTests.lean,"theorem ratio_test (x : ℕ → ℝ) (L : ℝ) (hx : ∀ n, x n ≠ 0)
    (hL : Filter.Tendsto (fun n => |x (n+1)| / |x n|) Filter.atTop (nhds L)) :
    (L < 1 → Summable (fun n => |x n|)) ∧ (1 < L → ¬ Summable x)","*Ratio Test (d'Alembert's ratio test).**
Suppose `x n ≠ 0` for every `n` and `L = lim |x (n+1)| / |x n|` exists. Then:
1. if `L < 1`, the series `∑ |x n|` converges (so `∑ x n` converges absolutely);
2. if `L > 1`, the series `∑ x n` diverges."
295,"Invoke `summable_of_ratio_test_tendsto_lt_one` when \(L<1\) and `not_summable_of_ratio_test_tendsto_gt_one` when \(L>1\) to conclude absolute convergence and divergence, respectively.",atlas.real_analysis.c86b2578bcc4,ratio_test,4,external/atlas-lean/Atlas/RealAnalysis/code/Series/ConvergenceTests.lean,"theorem ratio_test (x : ℕ → ℝ) (L : ℝ) (hx : ∀ n, x n ≠ 0)
    (hL : Filter.Tendsto (fun n => |x (n+1)| / |x n|) Filter.atTop (nhds L)) :
    (L < 1 → Summable (fun n => |x n|)) ∧ (1 < L → ¬ Summable x)","*Ratio Test (d'Alembert's ratio test).**
Suppose `x n ≠ 0` for every `n` and `L = lim |x (n+1)| / |x n|` exists. Then:
1. if `L < 1`, the series `∑ |x n|` converges (so `∑ x n` converges absolutely);
2. if `L > 1`, the series `∑ x n` diverges."
296,Recognize that the library theorem `Antitone.tendsto_alternating_series_of_tendsto_zero` directly gives convergence of the alternating partial sums from `hdec` and `hlim`.,atlas.real_analysis.66c62cefcfe4,alternating_series_test,1,external/atlas-lean/Atlas/RealAnalysis/code/Series/ConvergenceTests.lean,"theorem alternating_series_test (x : ℕ → ℝ)
    (hpos : ∀ n, 0 ≤ x n)
    (hdec : Antitone x)
    (hlim : Filter.Tendsto x Filter.atTop (nhds 0)) :
    ∃ l, Filter.Tendsto (fun n => ∑ i ∈ Finset.range n, (-1) ^ i * x i)
      Filter.atTop (nhds l)","*Alternating Series Test (Leibniz's test).**
If `x : ℕ → ℝ` is nonnegative, monotone decreasing (`Antitone`), and tends to `0`,
then the alternating series `∑ (-1)^i * x i` converges, i.e. its partial sums
converge to some real limit `l`."
297,"Observe that the explicit nonnegativity hypothesis `hpos` is mathematically redundant here, since an antitone real sequence converging to `0` must already be nonnegative; the proof merely registers it with `have _ := hpos`.",atlas.real_analysis.66c62cefcfe4,alternating_series_test,2,external/atlas-lean/Atlas/RealAnalysis/code/Series/ConvergenceTests.lean,"theorem alternating_series_test (x : ℕ → ℝ)
    (hpos : ∀ n, 0 ≤ x n)
    (hdec : Antitone x)
    (hlim : Filter.Tendsto x Filter.atTop (nhds 0)) :
    ∃ l, Filter.Tendsto (fun n => ∑ i ∈ Finset.range n, (-1) ^ i * x i)
      Filter.atTop (nhds l)","*Alternating Series Test (Leibniz's test).**
If `x : ℕ → ℝ` is nonnegative, monotone decreasing (`Antitone`), and tends to `0`,
then the alternating series `∑ (-1)^i * x i` converges, i.e. its partial sums
converge to some real limit `l`."
298,"Rewrite \(\frac{(-1)^i}{i+1}\) as \((-1)^i\frac{1}{i+1}\), exposing the partial sums as an alternating series with coefficients \(a_i=\frac{1}{i+1}\).",atlas.real_analysis.c533a5d899aa,alternating_harmonic_converges,1,external/atlas-lean/Atlas/RealAnalysis/code/Series/ConvergenceTests.lean,"theorem alternating_harmonic_converges :
    ∃ l, Filter.Tendsto (fun n => ∑ i ∈ Finset.range n, ((-1 : ℝ) ^ i / (↑i + 1)))
      Filter.atTop (nhds l)","*Convergence of the alternating harmonic series.**
The series `∑ (-1)^i / (i + 1)` converges, i.e. its partial sums converge to some
real limit `l`. This is a direct corollary of the alternating series test, applied
to the decreasing positive sequence `1 / (n + 1)`. Note that the corresponding
series of absolute values (the harmonic series) diverges, so this is an example
of a conditionally convergent series."
299,"Prove \(a_n=\frac{1}{n+1}\) is antitone by observing that \(a\le b\) implies \(a+1\le b+1\), so positivity of the denominators reverses the inequality under reciprocation.",atlas.real_analysis.c533a5d899aa,alternating_harmonic_converges,2,external/atlas-lean/Atlas/RealAnalysis/code/Series/ConvergenceTests.lean,"theorem alternating_harmonic_converges :
    ∃ l, Filter.Tendsto (fun n => ∑ i ∈ Finset.range n, ((-1 : ℝ) ^ i / (↑i + 1)))
      Filter.atTop (nhds l)","*Convergence of the alternating harmonic series.**
The series `∑ (-1)^i / (i + 1)` converges, i.e. its partial sums converge to some
real limit `l`. This is a direct corollary of the alternating series test, applied
to the decreasing positive sequence `1 / (n + 1)`. Note that the corresponding
series of absolute values (the harmonic series) diverges, so this is an example
of a conditionally convergent series."
300,Show \(a_n\to 0\) because \(n+1\to+\infty\) and reciprocals of quantities tending to \(+\infty\) tend to zero.,atlas.real_analysis.c533a5d899aa,alternating_harmonic_converges,3,external/atlas-lean/Atlas/RealAnalysis/code/Series/ConvergenceTests.lean,"theorem alternating_harmonic_converges :
    ∃ l, Filter.Tendsto (fun n => ∑ i ∈ Finset.range n, ((-1 : ℝ) ^ i / (↑i + 1)))
      Filter.atTop (nhds l)","*Convergence of the alternating harmonic series.**
The series `∑ (-1)^i / (i + 1)` converges, i.e. its partial sums converge to some
real limit `l`. This is a direct corollary of the alternating series test, applied
to the decreasing positive sequence `1 / (n + 1)`. Note that the corresponding
series of absolute values (the harmonic series) diverges, so this is an example
of a conditionally convergent series."
301,"Apply the alternating series convergence theorem to the antitone coefficient sequence tending to zero, obtaining the existence of a real limit for the partial sums.",atlas.real_analysis.c533a5d899aa,alternating_harmonic_converges,4,external/atlas-lean/Atlas/RealAnalysis/code/Series/ConvergenceTests.lean,"theorem alternating_harmonic_converges :
    ∃ l, Filter.Tendsto (fun n => ∑ i ∈ Finset.range n, ((-1 : ℝ) ^ i / (↑i + 1)))
      Filter.atTop (nhds l)","*Convergence of the alternating harmonic series.**
The series `∑ (-1)^i / (i + 1)` converges, i.e. its partial sums converge to some
real limit `l`. This is a direct corollary of the alternating series test, applied
to the decreasing positive sequence `1 / (n + 1)`. Note that the corresponding
series of absolute values (the harmonic series) diverges, so this is an example
of a conditionally convergent series."
302,"Recognize the four desired equalities as existing library lemmas: `compl_union`, `compl_inter`, `diff_inter_diff`, and `Set.diff_inter`.",atlas.real_analysis.fb589e7ff9f9,de_morgan_laws,1,external/atlas-lean/Atlas/RealAnalysis/code/SetTheory/Basic.lean,"theorem de_morgan_laws :
    (B ∪ C)ᶜ = Bᶜ ∩ Cᶜ ∧
    (B ∩ C)ᶜ = Bᶜ ∪ Cᶜ ∧
    A \ (B ∪ C) = (A \ B) ∩ (A \ C) ∧
    A \ (B ∩ C) = (A \ B) ∪ (A \ C)","*De Morgan's Laws.** For sets `A`, `B`, `C`:
the complement of a union is the intersection of complements,
the complement of an intersection is the union of complements,
and the analogous identities for set differences:
`A \ (B ∪ C) = (A \ B) ∩ (A \ C)` and `A \ (B ∩ C) = (A \ B) ∪ (A \ C)`."
303,Reverse `diff_inter_diff` with `.symm` because the library states the third set-difference identity in the opposite direction.,atlas.real_analysis.fb589e7ff9f9,de_morgan_laws,2,external/atlas-lean/Atlas/RealAnalysis/code/SetTheory/Basic.lean,"theorem de_morgan_laws :
    (B ∪ C)ᶜ = Bᶜ ∩ Cᶜ ∧
    (B ∩ C)ᶜ = Bᶜ ∪ Cᶜ ∧
    A \ (B ∪ C) = (A \ B) ∩ (A \ C) ∧
    A \ (B ∩ C) = (A \ B) ∪ (A \ C)","*De Morgan's Laws.** For sets `A`, `B`, `C`:
the complement of a union is the intersection of complements,
the complement of an intersection is the union of complements,
and the analogous identities for set differences:
`A \ (B ∪ C) = (A \ B) ∩ (A \ C)` and `A \ (B ∩ C) = (A \ B) ∪ (A \ C)`."
304,"Use the tuple notation `⟨p₁, p₂, p₃, p₄⟩` to assemble the four equality proofs into the nested conjunction.",atlas.real_analysis.fb589e7ff9f9,de_morgan_laws,3,external/atlas-lean/Atlas/RealAnalysis/code/SetTheory/Basic.lean,"theorem de_morgan_laws :
    (B ∪ C)ᶜ = Bᶜ ∩ Cᶜ ∧
    (B ∩ C)ᶜ = Bᶜ ∪ Cᶜ ∧
    A \ (B ∪ C) = (A \ B) ∩ (A \ C) ∧
    A \ (B ∩ C) = (A \ B) ∪ (A \ C)","*De Morgan's Laws.** For sets `A`, `B`, `C`:
the complement of a union is the intersection of complements,
the complement of an intersection is the union of complements,
and the analogous identities for set differences:
`A \ (B ∪ C) = (A \ B) ∩ (A \ C)` and `A \ (B ∩ C) = (A \ B) ∪ (A \ C)`."
305,"Use the nonemptiness of \(S\) to obtain a witness \(n\in S\), establishing that the predicate \(k\in S\) is satisfiable.",atlas.real_analysis.531882971c9f,well_ordering_nat,1,external/atlas-lean/Atlas/RealAnalysis/code/SetTheory/Basic.lean,"theorem well_ordering_nat (S : Set ℕ) (hS : S.Nonempty) : ∃ x ∈ S, ∀ y ∈ S, x ≤ y","*Well-ordering of `ℕ`.** Every nonempty subset `S ⊆ ℕ` contains a least element,
that is, there exists `x ∈ S` such that `x ≤ y` for all `y ∈ S`."
306,Apply the natural-number least-witness operator `Nat.find` to obtain the least \(x\) such that \(x\in S\).,atlas.real_analysis.531882971c9f,well_ordering_nat,2,external/atlas-lean/Atlas/RealAnalysis/code/SetTheory/Basic.lean,"theorem well_ordering_nat (S : Set ℕ) (hS : S.Nonempty) : ∃ x ∈ S, ∀ y ∈ S, x ≤ y","*Well-ordering of `ℕ`.** Every nonempty subset `S ⊆ ℕ` contains a least element,
that is, there exists `x ∈ S` such that `x ≤ y` for all `y ∈ S`."
307,"Use `Nat.find_spec` to prove that this least witness \(x\) belongs to \(S\), and `Nat.find_min'` to show that \(x\le y\) for every \(y\in S\).",atlas.real_analysis.531882971c9f,well_ordering_nat,3,external/atlas-lean/Atlas/RealAnalysis/code/SetTheory/Basic.lean,"theorem well_ordering_nat (S : Set ℕ) (hS : S.Nonempty) : ∃ x ∈ S, ∀ y ∈ S, x ≤ y","*Well-ordering of `ℕ`.** Every nonempty subset `S ⊆ ℕ` contains a least element,
that is, there exists `x ∈ S` such that `x ≤ y` for all `y ∈ S`."
308,"Induct on \(n\) using the strengthened statement \(n \ge 1 \to P(n)\), so the induction hypothesis remains applicable despite starting at \(1\) rather than \(0\).",atlas.real_analysis.5a7152753a83,induction_principle,1,external/atlas-lean/Atlas/RealAnalysis/code/SetTheory/Basic.lean,"theorem induction_principle (P : ℕ → Prop) (base : P 1)
    (step : ∀ m : ℕ, P m → P (m + 1)) : ∀ n : ℕ, n ≥ 1 → P n","*Principle of mathematical induction (starting at 1).** If `P 1` holds and
`P m → P (m + 1)` for all `m`, then `P n` holds for every natural number `n ≥ 1`."
309,"Eliminate the \(n=0\) case by contradiction, since the assumption \(n \ge 1\) is impossible there.",atlas.real_analysis.5a7152753a83,induction_principle,2,external/atlas-lean/Atlas/RealAnalysis/code/SetTheory/Basic.lean,"theorem induction_principle (P : ℕ → Prop) (base : P 1)
    (step : ∀ m : ℕ, P m → P (m + 1)) : ∀ n : ℕ, n ≥ 1 → P n","*Principle of mathematical induction (starting at 1).** If `P 1` holds and
`P m → P (m + 1)` for all `m`, then `P n` holds for every natural number `n ≥ 1`."
310,"Split the successor case \(n=k+1\) according to whether \(k=0\), using the base hypothesis when \(n=1\) and otherwise using \(k\ge 1\) to obtain \(P(k)\) from the induction hypothesis and then \(P(k+1)\) from the step hypothesis.",atlas.real_analysis.5a7152753a83,induction_principle,3,external/atlas-lean/Atlas/RealAnalysis/code/SetTheory/Basic.lean,"theorem induction_principle (P : ℕ → Prop) (base : P 1)
    (step : ∀ m : ℕ, P m → P (m + 1)) : ∀ n : ℕ, n ≥ 1 → P n","*Principle of mathematical induction (starting at 1).** If `P 1` holds and
`P m → P (m + 1)` for all `m`, then `P n` holds for every natural number `n ≥ 1`."
311,"Recognize that set inclusion \(A \subseteq B\) is definitionally the statement \(\forall a,\; a \in A \to a \in B\).",atlas.real_analysis.8fb5049d0922,set_relations,1,external/atlas-lean/Atlas/RealAnalysis/code/SetTheory/Basic.lean,"theorem set_relations :
    (A ⊆ B ↔ ∀ a, a ∈ A → a ∈ B) ∧
    (A = B ↔ A ⊆ B ∧ B ⊆ A) ∧
    (A ⊂ B ↔ A ⊆ B ∧ A ≠ B)","*Basic set relations.** `A ⊆ B` means every element of `A` lies in `B`;
`A = B` is equivalent to mutual inclusion `A ⊆ B` and `B ⊆ A`; and
`A ⊂ B` (proper subset) is equivalent to `A ⊆ B` together with `A ≠ B`."
312,Use antisymmetry of inclusion to characterize set equality by mutual inclusion: \(A = B \iff A \subseteq B \land B \subseteq A\).,atlas.real_analysis.8fb5049d0922,set_relations,2,external/atlas-lean/Atlas/RealAnalysis/code/SetTheory/Basic.lean,"theorem set_relations :
    (A ⊆ B ↔ ∀ a, a ∈ A → a ∈ B) ∧
    (A = B ↔ A ⊆ B ∧ B ⊆ A) ∧
    (A ⊂ B ↔ A ⊆ B ∧ A ≠ B)","*Basic set relations.** `A ⊆ B` means every element of `A` lies in `B`;
`A = B` is equivalent to mutual inclusion `A ⊆ B` and `B ⊆ A`; and
`A ⊂ B` (proper subset) is equivalent to `A ⊆ B` together with `A ≠ B`."
313,Unfold proper subset as inclusion together with strict inequality: \(A \subsetneq B \iff A \subseteq B \land A \ne B\).,atlas.real_analysis.8fb5049d0922,set_relations,3,external/atlas-lean/Atlas/RealAnalysis/code/SetTheory/Basic.lean,"theorem set_relations :
    (A ⊆ B ↔ ∀ a, a ∈ A → a ∈ B) ∧
    (A = B ↔ A ⊆ B ∧ B ⊆ A) ∧
    (A ⊂ B ↔ A ⊆ B ∧ A ≠ B)","*Basic set relations.** `A ⊆ B` means every element of `A` lies in `B`;
`A = B` is equivalent to mutual inclusion `A ⊆ B` and `B ⊆ A`; and
`A ⊂ B` (proper subset) is equivalent to `A ⊆ B` together with `A ≠ B`."
314,"Use induction on \(n\), reducing the successor case to the hypothesis \(n<2^n\).",atlas.real_analysis.cf5e7b1b2725,n_lt_two_pow_n,1,external/atlas-lean/Atlas/RealAnalysis/code/SetTheory/Cardinality.lean,theorem n_lt_two_pow_n (n : ℕ) : n < 2 ^ n,"Corollary to Cantor's theorem: for every natural number `n`, `n < 2 ^ n`."
315,"Strengthen the induction hypothesis by adding \(1\), obtaining \(n+1<2^n+1\).",atlas.real_analysis.cf5e7b1b2725,n_lt_two_pow_n,2,external/atlas-lean/Atlas/RealAnalysis/code/SetTheory/Cardinality.lean,theorem n_lt_two_pow_n (n : ℕ) : n < 2 ^ n,"Corollary to Cantor's theorem: for every natural number `n`, `n < 2 ^ n`."
316,Use the positivity \(1\le 2^n\) to bound \(2^n+1\le 2^n+2^n\).,atlas.real_analysis.cf5e7b1b2725,n_lt_two_pow_n,3,external/atlas-lean/Atlas/RealAnalysis/code/SetTheory/Cardinality.lean,theorem n_lt_two_pow_n (n : ℕ) : n < 2 ^ n,"Corollary to Cantor's theorem: for every natural number `n`, `n < 2 ^ n`."
317,"Recognize \(2^n+2^n=2^{n+1}\), which converts the arithmetic bound into the required exponential one.",atlas.real_analysis.cf5e7b1b2725,n_lt_two_pow_n,4,external/atlas-lean/Atlas/RealAnalysis/code/SetTheory/Cardinality.lean,theorem n_lt_two_pow_n (n : ℕ) : n < 2 ^ n,"Corollary to Cantor's theorem: for every natural number `n`, `n < 2 ^ n`."
318,Identify the cardinality of the power set \(\operatorname{Set}(\alpha)\) with the cardinal exponent \(2^{|\alpha|}\) via `Cardinal.mk_set`.,atlas.real_analysis.a4598f93a8f7,cantor_cardinal,1,external/atlas-lean/Atlas/RealAnalysis/code/SetTheory/Cardinality.lean,theorem cantor_cardinal (α : Type*) : Cardinal.mk α < Cardinal.mk (Set α),"Cantor's theorem: for every type `α`, the cardinality of `α` is strictly less than the
cardinality of its power set `Set α`."
319,"Apply Cantor’s cardinal theorem `Cardinal.cantor` to \(|\alpha|\), obtaining \(|\alpha|<2^{|\alpha|}\), and rewrite the right-hand side as \(|\operatorname{Set}(\alpha)|\).",atlas.real_analysis.a4598f93a8f7,cantor_cardinal,2,external/atlas-lean/Atlas/RealAnalysis/code/SetTheory/Cardinality.lean,theorem cantor_cardinal (α : Type*) : Cardinal.mk α < Cardinal.mk (Set α),"Cantor's theorem: for every type `α`, the cardinality of `α` is strictly less than the
cardinality of its power set `Set α`."
320,"Package each injective function together with its injectivity proof as an embedding, obtaining embeddings \(\alpha \hookrightarrow \beta\) and \(\beta \hookrightarrow \alpha\).",atlas.real_analysis.aaa1490bf333,cantor_schroeder_bernstein,1,external/atlas-lean/Atlas/RealAnalysis/code/SetTheory/Cardinality.lean,"theorem cantor_schroeder_bernstein {α β : Type*} (f : α → β) (g : β → α)
    (hf : Function.Injective f) (hg : Function.Injective g) :
    Nonempty (α ≃ β)","Cantor-Schröder-Bernstein theorem: if there are injections `f : α → β` and `g : β → α`,
then there exists a bijection between `α` and `β`; equivalently, `|α| ≤ |β|` and `|β| ≤ |α|`
imply `|α| = |β|`."
321,Apply antisymmetry for embeddings—the Cantor–Schröder–Bernstein principle—to the two mutual embeddings to obtain a nonempty equivalence \(\alpha \simeq \beta\).,atlas.real_analysis.aaa1490bf333,cantor_schroeder_bernstein,2,external/atlas-lean/Atlas/RealAnalysis/code/SetTheory/Cardinality.lean,"theorem cantor_schroeder_bernstein {α β : Type*} (f : α → β) (g : β → α)
    (hf : Function.Injective f) (hg : Function.Injective g) :
    Nonempty (α ≃ β)","Cantor-Schröder-Bernstein theorem: if there are injections `f : α → β` and `g : β → α`,
then there exists a bijection between `α` and `β`; equivalently, `|α| ≤ |β|` and `|β| ≤ |α|`
imply `|α| = |β|`."
